Name,Address,Phone,Website,City,Vertical,Email,Source
inBeat Marketing Agency LA,"700 Flower St Suite 1000, Los Angeles, CA 90017, USA",(323) 689-5089,https://inbeat.agency/,"Los Angeles, CA",marketing agency,hello@inbeat.agency,scraped
Branding Los Angeles,"11040 Santa Monica Blvd #310, Los Angeles, CA 90025, USA",(310) 479-6444,https://brandinglosangeles.com/,"Los Angeles, CA",marketing agency,info@brandinglosangeles.com,scraped
SPICY TRIBE | Advertising Agency | 종합 광고 대행사 ATL & BTL | 온라인 마케팅 및 전시/행사 전문,"3060 W Olympic Blvd #722, Los Angeles, CA 90006, USA",(224) 875-0441,http://www.spicytribe.com/,"Los Angeles, CA",marketing agency,hi@spicytribe.com,scraped
Modern Practice | Award-Winning Digital Marketing Agency for Doctors,"6060 Center Dr 10th Floor, Los Angeles, CA 90045, USA",(310) 818-3030,http://www.modernpractice.com/,"Los Angeles, CA",marketing agency,contact@modernpractice.com,scraped
Just Digital Inc.,"10250 Constellation Blvd #2300, Los Angeles, CA 90067, USA",(424) 210-7128,http://justdigitalinc.com/,"Los Angeles, CA",marketing agency,info@justdigitalinc.com,scraped
LaV1 - Los Angeles Digital Marketing & SEO,"6230 Wilshire Blvd #1109, Los Angeles, CA 90048, USA",(213) 842-0774,https://lav1.com/,"Los Angeles, CA",marketing agency,info@lav1.com,scraped
Melleka Marketing - A Top Rated Digital Marketing Agency,"7141 Valjean Ave #201, Van Nuys, CA 91406, USA",(818) 599-2696,https://www.melleka.com/,"Los Angeles, CA",marketing agency,contact@melleka.com,scraped
EDNA Digital Marketing,"21250 Hawthorne Blvd Suite 500, Torrance, CA 90503, USA",(310) 742-1922,https://www.ednadigitalmarketing.com/?utm_source=google&utm_medium=organic&utm_campaign=gbp_profile&utm_content=website_button,"Los Angeles, CA",marketing agency,info@ednadigitalmarketing.com,scraped
HYPE Hyperion Digital Marketing Agency,"5520 Wilshire Blvd, Los Angeles, CA 90036, USA",(833) 858-2338,http://hypehyperion.com/,"Los Angeles, CA",marketing agency,contact@hypehyperion.com,scraped
True North Social,"5855 Green Valley Cir #109, Culver City, CA 90230, USA",(310) 694-5655,https://truenorthsocial.com/,"Los Angeles, CA",marketing agency,sales@truenorthsocial.com,scraped
Eclipse Marketing - Los Angeles SEO Agency,"10250 Constellation Blvd #2300, Los Angeles, CA 90067, USA",(213) 645-2282,https://eclipsemarketing.io/los-angeles-ca-seo-agency/?utm_campaign=gmb,"Los Angeles, CA",digital marketing agency,contact@eclipsemarketing.io,scraped
Digital Marketing 1on1 SEO,"1100 Glendon Ave fl 17, Los Angeles, CA 90024, USA",(818) 538-4805,https://www.marketing1on1.com/digital-marketing-seo-los-angeles/,"Los Angeles, CA",digital marketing agency,cs@marketing1on1.com,scraped
SPINX Digital,"911 W Washington Blvd, Los Angeles, CA 90015, USA",(213) 894-9933,https://www.spinxdigital.com/?utm_source=Google&utm_medium=GMBListing,"Los Angeles, CA",digital marketing agency,hello@spinxdigital.com,scraped
"JH SEO Agency | Los Angeles SEO Experts - Digital Marketing, Ads Management, & Web Development","957 S Gramercy Dr APT 103, Los Angeles, CA 90019, USA",(213) 894-9220,https://jhseoagency.com/los-angeles-search-engine-optimization-company/,"Los Angeles, CA",digital marketing agency,managementteam@jhseoagency.com,scraped
MRLA Media,"3223 W 6th St Ste 101, Los Angeles, CA 90020, USA",(424) 256-6075,https://www.mrla-media.com/,"Los Angeles, CA",digital marketing agency,johnnyla@mrla-media.com,scraped
"Website Depot Inc. - SEO, Digital Marketing & Web Design","4343 Sunset Blvd, Los Angeles, CA 90029, USA",(888) 477-9540,https://websitedepot.com/,"Los Angeles, CA",digital marketing agency,contact@websitedepot.com,scraped
KPC Creative Concepts Lead Generation,"3614 Motor Ave, Los Angeles, CA 90034, USA",(213) 377-6223,https://www.kpccreativeconcepts.com/,"Los Angeles, CA",lead generation agency,kpccreativeconcepts@gmail.com,scraped
StartGrowScale.ai,"633 W 5th St fl 26, Los Angeles, CA 90071, USA",(213) 719-5167,http://www.startgrowscale.ai/,"Los Angeles, CA",lead generation agency,info@startgrowscale.ai,scraped
SeedX Inc.,"1420 S Figueroa St #204, Los Angeles, CA 90015, USA",(646) 859-2328,http://www.seedx.us/,"Los Angeles, CA",lead generation agency,hello@seedx.us,scraped
Affordable Marketing,"915 Wilshire Blvd, Los Angeles, CA 90017, USA",(949) 247-2117,https://affordable-marketing.com/locations/affordable-marketing-los-angeles-ca/,"Los Angeles, CA",lead generation agency,help@affordable-marketing.com,scraped
Pink Shark,"145 S Fairfax Ave #200, Los Angeles, CA 90036, USA",(424) 532-8299,https://pinksharkmarketing.com/,"Los Angeles, CA",lead generation agency,info@pinksharkmarketing.com,scraped
BroBex Marketing,"925 N La Brea Ave floor 4, Los Angeles, CA 90038, USA",(310) 486-1154,https://brobex.org/,"Los Angeles, CA",lead generation agency,info@brobex.org,scraped
Edeska (Business Consultants & PPC Agency),"12130 Millennium Dr #300, Los Angeles, CA 90094, USA",(855) 546-0037,http://www.edeska.com/,"Los Angeles, CA",sales consulting firm,kyle@edeska.com,scraped
EliCommerce - Amazon eCommerce Consulting,"1728 S La Cienega Blvd, Los Angeles, CA 90035, USA",(310) 310-1346,http://elicommerce.com/,"Los Angeles, CA",sales consulting firm,hello@elicommerce.com,scraped
Bain & Company,"1999 Ave of the Stars Suite 3800, Los Angeles, CA 90067, USA",(310) 229-3000,https://www.bain.com/offices/los-angeles/?utm_medium=organic&utm_source=googlemybusiness&utm_campaign=gmb-gmb-listing-evg&utm_content=losangeles,"Los Angeles, CA",sales consulting firm,dan.pinkney@bain.com,scraped
Siamak Kalhor Consulting,"530 E 8th St #499, Los Angeles, CA 90014, USA",(323) 657-7752,http://www.siamakkalhor.com/,"Los Angeles, CA",sales consulting firm,siamakk2@gmail.com,scraped
Scott Richards Business Consulting,"8619 Washington Blvd, Culver City, CA 90232, USA",,https://www.scottrichardsconsulting.com/,"Los Angeles, CA",sales consulting firm,scott@scottrichardsconsulting.com,scraped
Brass Ring Consulting Group,"City National Plaza 515 South Flower Street 18th Floor, 515 Flower St 18th floor suite 1847, Los Angeles, CA 90071, USA",(323) 850-1812,https://brassringconsult.com/,"Los Angeles, CA",sales consulting firm,terms@brassringconsult.com,scraped
"Dan Gordon Enterprise, LLC","7190 Sunset Blvd Suite 33A, Los Angeles, CA 90046, USA",(818) 613-1984,http://www.dangordonenterprise.com/,"Los Angeles, CA",sales consulting firm,info@dangordonenterprise.com,scraped
Active Sales Technology,"2716 N Broadway, Los Angeles, CA 90031, USA",(877) 569-8005,http://www.activesales.net/,"Los Angeles, CA",sales consulting firm,michael@activesales.net,scraped
Keyes Real Estate,"1412 Colorado Blvd, Los Angeles, CA 90041, USA",(310) 486-9417,https://keyesla.com/,"Los Angeles, CA",real estate agency,info@keyesla.com,scraped
Richard Schulman - Keller Williams Realty,"11812 San Vicente Blvd #100, Los Angeles, CA 90049, USA",(310) 482-0173,http://www.richardschulman.com/,"Los Angeles, CA",real estate agency,schulmanrd@gmail.com,scraped
TruLine Realty,"3268 Motor Ave, Los Angeles, CA 90034, USA",(213) 699-3581,https://trulinerealty.com/?leadsource=gmb&utm_campaign=gmb,"Los Angeles, CA",real estate agency,sierus@trulinerealty.com,scraped
Ross Weinstein Real Estate Group - Brentwood-Santa Monica-Los Angeles,"11601 Wilshire Blvd Suite 101, Los Angeles, CA 90025, USA",(310) 363-0929,http://www.rossweinstein.com/,"Los Angeles, CA",real estate agency,ross@rossweinstein.com,scraped
"Ian & Kimberly Rhodes, Real Estate Agents & Advisors","1660 Hillhurst Ave, Los Angeles, CA 90027, USA",(323) 821-4069,https://www.rhodesteamrealestate.com/,"Los Angeles, CA",real estate agency,rhodesleadhome@gmail.com,scraped
The Tiffany Chin Group,"118 N Larchmont Blvd, Los Angeles, CA 90004, USA",(323) 508-3339,http://www.thetiffanychingroup.com/,"Los Angeles, CA",real estate agency,tiffany@thetiffanychingroup.com,scraped
ROOF LA (Los Angeles),"145 S Fairfax Ave #200, Los Angeles, CA 90036, USA",(310) 620-7663,http://www.roofaloha.com/,"Los Angeles, CA",real estate agency,denise@roofaloha.com,scraped
Dear LA Real Estate Team - Compass,"5715 N Figueroa St Suite 200, Los Angeles, CA 90042, USA",(323) 208-1827,https://dear-la.com/,"Los Angeles, CA",real estate agency,brad@dear-la.com,scraped
The Local Real Estate Group (formerly C+K) | Compass,"3169 Glendale Blvd, Los Angeles, CA 90039, USA",(323) 667-0700,https://www.localregroup.com/,"Los Angeles, CA",real estate agency,info@localregroup.com,scraped
"Victor Zavala Insurance Services, Inc.","1001 S Vermont Ave UNIT 212, Los Angeles, CA 90006, USA",(213) 386-6560,http://www.vzinsurance.com/,"Los Angeles, CA",insurance agency,ryanez@vzinsurance.com,scraped
"L.A. West Insurance Services, Inc.","5177 Sunset Blvd, Los Angeles, CA 90027, USA",(877) 527-2378,https://lawestinsurance.com/,"Los Angeles, CA",insurance agency,info@lawestinsurance.com,scraped
Broadway Insurance Services,"557 W 23rd St, Los Angeles, CA 90007, USA",(213) 221-1247,http://broadwayinsurance.agency/,"Los Angeles, CA",insurance agency,hello@broadwayinsurance.agency,scraped
Adriana's Insurance Services,"3087 W Pico Blvd #3, Los Angeles, CA 90006, USA",(323) 458-6150,https://adrianasinsurance.com/en/insurance/auto-insurance/pico-2,"Los Angeles, CA",insurance agency,info@adrianasinsurance.com,scraped
"Lewis and Lewis Insurance Agency, Inc.","11900 W Olympic Blvd Suite 475, Los Angeles, CA 90064, USA",(800) 966-6830,https://www.mexicanautoinsurance.com/,"Los Angeles, CA",insurance agency,info@mexicanautoinsurance.com,scraped
Green Integrations and Management Inc.,"3108 Glendale Blvd, Los Angeles, CA 90039, USA",(818) 900-5471,http://www.gimenergy.com/,"Los Angeles, CA",solar company,info@gimenergy.com,scraped
Energy Time Solar,"360 E 2nd St, Los Angeles, CA 90012, USA",(562) 391-5946,https://energytimesolar.com/,"Los Angeles, CA",solar company,energytimeonboardingteam@energytimesolar.com,scraped
American Solar Power,"2000 N Figueroa St, Los Angeles, CA 90065, USA",(866) 890-1240,https://www.asolarp.com/,"Los Angeles, CA",solar company,info@asolarp.com,scraped
𝗟𝗼𝘀 𝗔𝗻𝗴𝗲𝗹𝗲𝘀 𝗦𝗼𝗹𝗮𝗿 𝗣𝗿𝗼𝘀,"5260 Pomona Blvd, East Los Angeles, CA 90022, USA",(844) 765-2702,https://lasolarpros.com/,"Los Angeles, CA",solar company,info@lasolarpros.com,scraped
Solar Optimum Glendale,"1833 S Victory Blvd, Glendale, CA 91201, USA",(818) 745-1484,https://solaroptimum.com/,"Los Angeles, CA",solar company,service@solaroptimum.com,scraped
Imperial Solar,"6912 Owensmouth Ave, Canoga Park, CA 91303, USA",(818) 650-3500,https://imperialsolar.com/,"Los Angeles, CA",solar company,info@imperialsolar.com,scraped
Sensa Solar USA,"12821 Washington Blvd, Los Angeles, CA 90066, USA",(888) 828-1582,https://www.sensasolarusa.com/,"Los Angeles, CA",solar company,info@sensasolarusa.com,scraped
Costar Roofing inc,"718 S Hill St, Los Angeles, CA 90014, USA",(321) 358-0420,https://costarroofinginc.com/,"Los Angeles, CA",roofing company,costar.office.ca@gmail.com,scraped
Francisco's Roofing Inc.,"124 E Avenue 40, Los Angeles, CA 90031, USA",(323) 253-5146,https://franciscosroofinginc.co/,"Los Angeles, CA",roofing company,info@franciscosroofinginc.co,scraped
Quality Roofing Specialists,"1444 N Poinsettia Pl Unit 308, Los Angeles, CA 90046, USA",(310) 340-1643,https://qualityroofingspecialists.com/,"Los Angeles, CA",roofing company,info@qualityroofingspecialists.com,scraped
California Roofers,"10390 Wilshire Blvd unit 803, Los Angeles, CA 90024, USA",,http://caroofco.com/,"Los Angeles, CA",roofing company,contact@caroofco.com,scraped
Confirmed Roofing Experts - Roofing Contractor,"10801 National Blvd Suite 573, Los Angeles, CA 90064, USA",(888) 576-4820,https://confirmedroofingexperts.com/,"Los Angeles, CA",roofing company,confirmedroofingexperts@gmail.com,scraped
Rivera Roofing CO,"312 S Alameda St, Los Angeles, CA 90013, USA",(747) 209-1744,http://riveraroofingco.xyz/,"Los Angeles, CA",roofing company,samuel@riveraroofingco.xyz,scraped
Henry Wilkes- Wilkes Mortgage Group | VA • FHA • Commercial Financing Specialist,"3470 Wilshire Blvd #910, Los Angeles, CA 90010, USA",(818) 582-2380,http://wilkesmortgagegroup.com/,"Los Angeles, CA",mortgage broker,henry@wilkesmortgagegroup.com,scraped
"HILLHURST MORTGAGE, INC.","1662 Hillhurst Ave Suite A, Los Angeles, CA 90027, USA",(323) 522-1020,https://www.hillhurstmortgage.com/,"Los Angeles, CA",mortgage broker,team@hillhurstmortgage.com,scraped
Scott Griffin Financial,"2121 Ave of the Stars Suite 800, Los Angeles, CA 90067, USA",(818) 207-2688,http://www.scottgriffin.com/,"Los Angeles, CA",mortgage broker,scott@scottgriffin.com,scraped
Sunset Lending & Realty,"12100 Wilshire Blvd 8th floor, Los Angeles, CA 90025, USA",(818) 651-0340,http://sunsetlendingrealty.com/,"Los Angeles, CA",mortgage broker,apply@sunsetlendingrealty.com,scraped
ID Mortgage Broker,"1810 W Burbank Blvd #150, Burbank, CA 91506, USA",(323) 741-5858,https://idmortgagebroker.com/,"Los Angeles, CA",mortgage broker,contact@idmortgagebroker.com,scraped
"Home Central Financial, Reverse Mortgage, Refinance, Va, Fha, Downey","7847 Florence Ave #101, Downey, CA 90240, USA",(562) 881-9811,https://www.homecentralfinancial.com/,"Los Angeles, CA",mortgage broker,miguel@homecentralfinancial.com,scraped
Cohen Financial Group - Mortgage Broker,"9665 Wilshire Blvd Suite 260, Beverly Hills, CA 90212, USA",(310) 777-5401,https://www.cohenfinancialgroup.com/,"Los Angeles, CA",mortgage broker,cfg@cohenfinancialgroup.com,scraped
Vault Mortgage Group,"11845 W Olympic Blvd #830w, Los Angeles, CA 90064, USA",(310) 481-8990,http://www.vaultmtg.com/,"Los Angeles, CA",mortgage broker,contact@vaultmtg.com,scraped
Shannon Christenot,"700 Flower St Suite 1000, Los Angeles, CA 90017, USA",(818) 601-2231,https://www.shannonchristenot.com/,"Los Angeles, CA",mortgage broker,shannon@shannonchristenot.com,scraped
PierPoint Mortgage los angeles,"3680 Wilshire Blvd, Los Angeles, CA 90010, USA",(323) 986-4400,http://pierpointmortgage.com/broker-los-angeles-california/,"Los Angeles, CA",mortgage broker,shannon@pierpointmortgage.com,scraped
American Mortgage Finance,"8671 Wilshire Blvd #714, Beverly Hills, CA 90211, USA",(310) 779-7818,http://mortgageofusa.com/,"Los Angeles, CA",mortgage broker,%20alex@mortgageofusa.com,scraped
"Fidelity Mortgage Lenders, Inc.","11952 Wilshire Blvd, Los Angeles, CA 90025, USA",(800) 752-9533,https://fidelityca.com/?utm_source=GBP&utm_campaign=local&utm_medium=mainlink,"Los Angeles, CA",mortgage broker,info@fidelityca.com,scraped
"WINDFALL FINANCIAL ADVISORS, Fee-Only, Fiduciary","100 Wilshire Blvd #700, Santa Monica, CA 90401, USA",(949) 205-7002,https://www.windfalladvisors.com/?utm_source=GBP&utm_medium=organic,"Los Angeles, CA",financial advisor,info@windfalladvisors.com,scraped
Empress Investment Group,"321 N Larchmont Blvd Suite 800, Los Angeles, CA 90004, USA",(310) 450-2904,http://www.empressig.com/,"Los Angeles, CA",financial advisor,info@empressig.com,scraped
"Pathway Financial Services, LLC","13101 Washington Blvd #241, Los Angeles, CA 90066, USA",(310) 432-6067,http://www.pathwayfinancialservices.com/,"Los Angeles, CA",financial advisor,jmulder@pathwayfinancialservices.com,scraped
EFC Wealth Management Firm,"5777 W Century Blvd #985, Los Angeles, CA 90045, USA",(310) 645-0001,http://www.efcwealthmanagement.com/,"Los Angeles, CA",financial advisor,info@efcwealthmanagement.com,scraped
Financial Counseling Center,"4221 Wilshire Blvd Suite 255, Los Angeles, CA 90010, USA",(323) 709-0152,https://www.financialcounselingcenter.com/,"Los Angeles, CA",financial advisor,michael@financialcounselingcenter.com,scraped
"Edward Jones - Financial Advisor: Sarah L Biddle, AAMS®","1849 Sawtelle Blvd Suite 670, Los Angeles, CA 90025, USA",(310) 459-6411,https://www.edwardjones.com/us-en/financial-advisor/sarah-biddle?y_source=1_NjQwNDQ4LTcxNS1sb2NhdGlvbi53ZWJzaXRl,"Los Angeles, CA",financial advisor,andrea.genteman@edwardjones.com,scraped
Formula Marketing SD,"770 First Ave. Suite 250, San Diego, CA 92101, USA",(619) 995-8333,https://www.formulamarketingsd.com/,"San Diego, CA",marketing agency,hello@formulamarketingsd.com,scraped
2POINT Agency,"9920 Pacific Heights Blvd Suite 150, San Diego, CA 92121, USA",(619) 599-1006,https://www.2pointagency.com/locations/sandiego-digital-agency/,"San Diego, CA",marketing agency,team@2pointagency.com,scraped
Coast Creative,"4379 30th St SUITE 5, San Diego, CA 92104, USA",(619) 289-7719,http://www.thecoastcreative.com/,"San Diego, CA",marketing agency,hello@thecoastcreative.com,scraped
Wonderist Agency,"3015 St Charles St b, San Diego, CA 92110, USA",(619) 291-7073,https://wonderistagency.com/,"San Diego, CA",marketing agency,hello@wonderistagency.com,scraped
Eclipse Marketing - San Diego SEO Agency,"600 B St, San Diego, CA 92101, USA",(619) 848-6596,https://eclipsemarketing.io/san-diego-ca-seo-agency/?utm_campaign=gmb,"San Diego, CA",marketing agency,contact@eclipsemarketing.io,scraped
Advanced AI Marketing San Diego,"12636 High Bluff Dr Suite 400 office 99, San Diego, CA 92130, USA",(619) 514-3250,http://advancedaimarketingsandiego.com/,"San Diego, CA",marketing agency,bestlocalaimarketing@gmail.com,scraped
Omnipresent Marketing,"1420 Kettner Blvd, San Diego, CA 92101, USA",(619) 853-5003,http://www.omnipresent.app/,"San Diego, CA",marketing agency,blake@omnipresent.app,scraped
JBL Digital Marketing - Automations & AI Assistance,"3420 Camino Del Rio N, San Diego, CA 92108, USA",(858) 630-6852,https://jbldigitalmarketing.co/?utm_source=googlebusinessprofile-US&utm_medium=organic&utm_campaign=Google+Business+Profile,"San Diego, CA",digital marketing agency,info@jbldigitalmarketing.co,scraped
Digital Health Professionals,"4025 Camino del Rio S UNIT 300, San Diego, CA 92108, USA",(858) 480-9804,https://digitalhealthcareprofessionals.com/,"San Diego, CA",digital marketing agency,help@digitalhealthcareprofessionals.com,scraped
Explore Digital,"1223 Cleveland Ave Suite 200-100, San Diego, CA 92103, USA",(619) 383-2014,https://www.exploredigital.com/san-diego-digital-marketing-agency/?utm_source=google&utm_medium=organic&utm_campaign=directory-listing,"San Diego, CA",digital marketing agency,support@exploredigital.com,scraped
Digital Marketing Agency for Small Businesses in San Diego। AppsWebDev,"7665 Hornbill Ave, San Diego, CA 92123, USA",(858) 705-9394,https://appswebdev.com/,"San Diego, CA",digital marketing agency,tariq@appswebdev.com,scraped
NextGen Leads,"701 B St #1255, San Diego, CA 92101, USA",(619) 413-6663,http://nextgenleads.com/,"San Diego, CA",lead generation agency,sales@nextgenleads.com,scraped
Jump Forward Media,"1151 Savoy St, San Diego, CA 92107, USA",(619) 344-8793,https://www.jumpforwardmedia.com/,"San Diego, CA",lead generation agency,support@jumpforwardmedia.com,scraped
Ignite Visibility,"4370 La Jolla Village Dr UNIT 320, San Diego, CA 92122, USA",(619) 752-1955,https://ignitevisibility.com/,"San Diego, CA",lead generation agency,opportunity@ignitevisibility.com,scraped
Golden Seller Marketing,"501 W Broadway Ste. 800, San Diego, CA 92101, USA",(855) 853-3456,https://goldenseller.com/,"San Diego, CA",lead generation agency,info@goldenseller.com,scraped
Matt From Marketing,"1025 W Laurel St, San Diego, CA 92101, USA",(760) 696-0179,https://www.mattfrommarketing.com/,"San Diego, CA",lead generation agency,info@mattfrommarketing.com,scraped
220 Marketing Group,"3405 Kenyon St #211, San Diego, CA 92110, USA",(619) 758-9696,https://www.220marketing.com/,"San Diego, CA",lead generation agency,service@220marketing.com,scraped
Digital Vision Agency,"860 Turquoise St, San Diego, CA 92109, USA",(619) 630-5069,https://digitalvisionsd.com/,"San Diego, CA",lead generation agency,web@digitalvisionsd.com,scraped
Artemis Consulting,"1012 W Washington St #18, San Diego, CA 92103, USA",(619) 573-6328,https://consultartemis.com/,"San Diego, CA",sales consulting firm,info@consultartemis.com,scraped
"L&A Consulting, LLC","7710 Hazard Center Dr #108, San Diego, CA 92108, USA",(619) 213-3805,https://businessvaluationsandiego.com/,"San Diego, CA",sales consulting firm,agustinamingote@gmail.com,scraped
SD Business Advisors,"120 Birmingham Dr Ste 110B, Cardiff, CA 92007, USA",(619) 455-2925,http://www.sdbiz.com/,"San Diego, CA",sales consulting firm,info@sdbiz.com,scraped
"Rise Consulting Group, LLC","11545 W Bernardo Ct #201, San Diego, CA 92127, USA",(858) 683-6000,https://www.risecg.com/,"San Diego, CA",sales consulting firm,support@risecg.com,scraped
"PorchLight Realty brokered by eXp Realty of Southern California, Inc.","3825 32nd St, San Diego, CA 92104, USA",(619) 558-2854,http://www.porchlightsocal.com/,"San Diego, CA",real estate agency,info@porchlightsocal.com,scraped
The Neuman Team,"516 Fifth Ave #5th, San Diego, CA 92101, USA",(619) 595-7025,http://sandiegodowntown.com/,"San Diego, CA",real estate agency,sold@sandiegodowntown.com,scraped
Pacific Real Estate Center,"1005 Rosecrans St #200, San Diego, CA 92106, USA",(619) 851-8100,http://www.pacificrealestatesd.com/,"San Diego, CA",real estate agency,info@pacificrealestatesd.com,scraped
Greater Good Realty,"1420 Kettner Blvd suite 100, San Diego, CA 92101, USA",(619) 206-1551,http://www.greatergoodrealty.com/,"San Diego, CA",real estate agency,david@greatergoodrealty.com,scraped
NewTown Real Estate - San Diego Top Agents,"2515 Camino del Rio S, San Diego, CA 92108, USA",(619) 900-6495,https://newtowngroupre.com/,"San Diego, CA",real estate agency,info@newtowngroupre.com,scraped
Let's Insure,"101 W Broadway #1460, San Diego, CA 92101, USA",(877) 851-7867,https://www.letsinsure.org/,"San Diego, CA",insurance agency,salar@letsinsure.org,scraped
San Diego Insurance,"8081 Balboa Ave, San Diego, CA 92111, USA",(858) 565-6695,http://www.sandiegoins.com/,"San Diego, CA",insurance agency,service@sandiegoins.com,scraped
Beach Break Insurance Agency #6008907,"4849 Ronson Ct #210, San Diego, CA 92111, USA",(619) 567-7227,https://beachbreakinsurance.com/,"San Diego, CA",insurance agency,info@beachbreakinsurance.com,scraped
Fusco Orsini & Associates Insurance Services,"8880 Rio San Diego Dr Ste 725, San Diego, CA 92108, USA",(888) 789-6175,https://foagency.com/,"San Diego, CA",insurance agency,hello@foagency.com,scraped
Kiesau Insurance Services,"9968 Hibert St #104, San Diego, CA 92131, USA",(858) 566-8555,https://kiesauinsuranceservices.com/,"San Diego, CA",insurance agency,team@kiesauinsuranceservices.com,scraped
Adriana's Insurance Services,"505 E San Ysidro Blvd, San Diego, CA 92173, USA",(619) 737-3097,https://adrianasinsurance.com/en/insurance/auto-insurance/san-ysidro,"San Diego, CA",insurance agency,info@adrianasinsurance.com,scraped
"San Diego General Insurance Agency, Inc.","11440 W Bernardo Ct, San Diego, CA 92127, USA",(858) 613-0787,http://www.sandiegogeneral.com/,"San Diego, CA",insurance agency,service@sandiegogeneral.com,scraped
Fiesta Auto Insurance & Tax Service,"5439 El Cajon Blvd, San Diego, CA 92115, USA",(619) 317-1818,https://fiestainsurance.com/stores/fiesta-insurance-and-tax-san-diegocalifornia-ca166/,"San Diego, CA",insurance agency,fiestaca166@fiestainsurance.com,scraped
Sunline Energy,"7340 Trade St Suite H, San Diego, CA 92121, USA",(858) 289-0758,https://www.sunlineenergy.com/,"San Diego, CA",solar company,inquiries@sunlineenergy.com,scraped
Johnson Solar - San Diego County's Best Veteran Owned Solar Installation Company,"2514 Jamacha Rd #502, El Cajon, CA 92019, USA",(619) 784-8401,http://johnsonsolar.com/,"San Diego, CA",solar company,clinton@johnsonsolar.com,scraped
Creative Energy Solutions,"9939 Hibert St Suite 107, San Diego, CA 92131, USA",(844) 278-8674,http://www.crtvnrg.com/,"San Diego, CA",solar company,info@crtvnrg.com,scraped
San Diego Solar Inc,"3865 La Cresta Dr, San Diego, CA 92107, USA",(619) 276-1149,https://www.sandiegosolar.com/?utm_source=google-business-profile&utm_medium=maps&utm_campaign=local-directories,"San Diego, CA",solar company,info@sandiegosolar.com,scraped
Heliogold Solar,"845 15th St Suite 103, San Diego, CA 92101, USA",(760) 332-5112,https://heliogold.com/solar-installation-in-san-diego/?utm_source=gmb&utm_medium=organic,"San Diego, CA",solar company,stleads@heliogold.com,scraped
Cosmic Solar and Roofing,"943 Poinsettia Ave STE 401, Vista, CA 92081, USA",(760) 618-0376,https://www.cosmicsolar.com/?utm_campaign=gmb,"San Diego, CA",solar company,service@cosmicsolar.com,scraped
Soltech Electric,"8910 University Center Ln #400, San Diego, CA 92122, USA",(858) 351-2420,http://soltechelectric.com/,"San Diego, CA",solar company,info@soltechelectric.com,scraped
Alma Roofing,"4538 Cass St, San Diego, CA 92109, USA",(619) 693-3670,https://www.almaroofingsd.com/?utm_campaign=gmb,"San Diego, CA",roofing company,info@almaroofingsd.com,scraped
Peak Builders & Roofers of San Diego,"8340 Vickers St K, San Diego, CA 92111, USA",(619) 566-1911,https://peakbuilderssd.com/,"San Diego, CA",roofing company,info@peakbuilderssd.com,scraped
619 Roofing,"3930 Oregon St Suite 254, San Diego, CA 92104, USA",(619) 609-0214,https://619roofing.com/,"San Diego, CA",roofing company,info@619roofing.com,scraped
Exclusively Roofing Inc.,"4013 Texas St UNIT 4, San Diego, CA 92104, USA",(619) 663-1261,https://www.exclusivelyroofinginc.com/,"San Diego, CA",roofing company,info@exclusivelyroofinginc.com,scraped
Resilient Roofing,"7950 Dunbrook Rd, San Diego, CA 92126, USA",(619) 501-2138,https://www.resilientroofing.com/,"San Diego, CA",roofing company,info@resilientroofing.com,scraped
Ascent Roofing San Diego,"2525 Southport Way ste j, National City, CA 91950, USA",(858) 758-3594,https://www.ascentroofingsd.com/?utm_campaign=gmb,"San Diego, CA",roofing company,office@ascentroofingsd.com,scraped
San Diego County Roofing & Solar,"1761 Hotel Cir S Suite 110, San Diego, CA 92108, USA",(855) 732-6868,https://sandiegocountyroofing.com/,"San Diego, CA",roofing company,info@sandiegocountyroofing.com,scraped
"Christian Roofing, Inc","1226 Greenfield Dr, El Cajon, CA 92021, USA",(619) 812-2407,https://www.christianroofing.com/,"San Diego, CA",roofing company,info@christianroofing.com,scraped
"Shake, Shingle & Roll Roofing","4858 Mercury St Ste. 109, San Diego, CA 92111, USA",(858) 278-7791,http://www.ssrroof.com/,"San Diego, CA",roofing company,shakeshingleroll@gmail.com,scraped
Cornerstone First Mortgage,"2655 Camino Del Rio N #100, San Diego, CA 92108, USA",(866) 815-1803,https://www.cfmtg.com/,"San Diego, CA",mortgage broker,info@cfmtg.com,scraped
Plan Prepare Home,"3855 Granada Ave, San Diego, CA 92104, USA",(619) 777-5700,https://www.planpreparehome.com/,"San Diego, CA",mortgage broker,kyle@planpreparehome.com,scraped
Synergy One Lending,"610 W Ash St Suite 1505, San Diego, CA 92101, USA",(888) 995-1256,https://s1l.com/,"San Diego, CA",mortgage broker,compliance@s1l.com,scraped
Renzo Marsano - MAR Financial,"10620 Treena St Suite 230, San Diego, CA 92131, USA",(858) 947-3664,http://www.marfinancial.net/,"San Diego, CA",mortgage broker,info@marfinancial.net,scraped
San Diego Home Loans,"3160 Camino del Rio S Suite 206, San Diego, CA 92108, USA",(619) 786-4478,https://sdhomeloans.com/,"San Diego, CA",mortgage broker,joseph@sdhomeloans.com,scraped
LOAN GOAT | #1 Hard Money Lender,"3030 El Cajon Blvd, San Diego, CA 92104, USA",(619) 333-3330,http://www.loangoatinc.com/,"San Diego, CA",mortgage broker,loans@loangoatinc.com,scraped
Valor Lending Group,"Petco Park | Diamond View Tower | 350 10th Ave | 10th Floor |, San Diego, CA 92101, USA",(619) 810-0088,https://valorlending.com/,"San Diego, CA",mortgage broker,info@valorlending.com,scraped
Mortgage Advisors at Barrett Financial Group (NMLS #2328729),"3111 Camino Del Rio N Suite 905, San Diego, CA 92108, USA",(503) 351-5289,https://www.barrettfinancial.com/,"San Diego, CA",mortgage broker,loans@barrettfinancial.com,scraped
Pacific Wealth Management,"11512 El Camino Real #350, San Diego, CA 92130, USA",(858) 509-9797,https://www.pacwealth.com/,"San Diego, CA",financial advisor,contactus@pacwealth.com,scraped
"Heritage Wealth Management, Inc.","11440 W Bernardo Ct #390, San Diego, CA 92127, USA",(858) 613-9191,https://www.hwmi.com/,"San Diego, CA",financial advisor,contact@hwmi.com,scraped
Traction Wealth Management,"4438 Ingraham St #2002, San Diego, CA 92109, USA",(619) 302-8303,http://traction-wealth.com/,"San Diego, CA",financial advisor,brandon@traction-wealth.com,scraped
Next Gen Financial Planning,"1455 Frazee Rd Suite 543, San Diego, CA 92108, USA",(619) 363-5187,https://www.nextgenfinancialplanning.com/,"San Diego, CA",financial advisor,363-5187steven@nextgenfinancialplanning.com,scraped
Canter Wealth,"7825 Fay Ave #140, La Jolla, CA 92037, USA",(858) 812-7550,https://canterwealth.com/,"San Diego, CA",financial advisor,info@canterwealth.com,scraped
Wealth Analytics,"12730 High Bluff Dr #260, San Diego, CA 92130, USA",(858) 794-2100,https://wealthanalytics.com/,"San Diego, CA",financial advisor,service@wealthanalytics.com,scraped
"Edward Jones - Financial Advisor: David S Peterson, CFP®","12750 Carmel Country Rd Ste 208, San Diego, CA 92130, USA",(858) 758-3188,https://www.edwardjones.com/us-en/financial-advisor/david-peterson?y_source=1_OTY0MzM5LTcxNS1sb2NhdGlvbi53ZWJzaXRl,"San Diego, CA",financial advisor,david.peterson@edwardjones.com,scraped
Jives Media,"75 E Santa Clara St, San Jose, CA 95113, USA",(650) 420-7455,https://www.jivesmedia.com/digital-marketing-agency-in-san-jose-ca,"San Jose, CA",marketing agency,info@jivesmedia.com,scraped
Best Local SEO,"235 E Santa Clara St, San Jose, CA 95113, USA",(650) 485-1096,https://thebestlocalseo.com/,"San Jose, CA",marketing agency,thebestlocalsearch@gmail.com,scraped
SocialSellinator,"2661 Coit Dr, San Jose, CA 95124, USA",(408) 800-5625,https://www.socialsellinator.com/?utm_source=google&utm_medium=organic&utm_campaign=googlemybusiness,"San Jose, CA",marketing agency,info@socialsellinator.com,scraped
Jives Media,"100 Van Ness Ave UNIT 2213, San Francisco, CA 94102, USA",(650) 420-7455,https://www.jivesmedia.com/,"San Jose, CA",marketing agency,info@jivesmedia.com,scraped
Nika Agency,"99 S Almaden Blvd #600, San Jose, CA 95113, USA",(669) 306-5012,https://nika.agency/,"San Jose, CA",marketing agency,contact@nika.agency,scraped
Clear Digital,"1570 The Alameda #330, San Jose, CA 95126, USA",(408) 246-0000,https://www.cleardigital.com/,"San Jose, CA",marketing agency,info@cleardigital.com,scraped
Jives Media,"1825 S Grant St, San Mateo, CA 94402, USA",(650) 420-7455,https://www.jivesmedia.com/digital-marketing-agency-in-san-mateo-ca/,"San Jose, CA",marketing agency,info@jivesmedia.com,scraped
Cyrusson Inc,"1630 S Delaware St #5533, San Mateo, CA 94402, USA",(415) 228-9969,http://www.cyrusson.com/,"San Jose, CA",marketing agency,info@cyrusson.com,scraped
"BRANDINGOUT, LLC","224 N 27th St, San Jose, CA 95116, USA",(408) 702-2405,http://brandingout.com/,"San Jose, CA",marketing agency,info@brandingout.com,scraped
DevZev | Best Digital Marketing Agency in California,"2591 Thompson Ave, San Jose, CA 95118, USA",(669) 660-7118,https://devzev.com/,"San Jose, CA",digital marketing agency,info@devzev.com,scraped
Black Swan Media,"111 N Market St, San Jose, CA 95113, USA",(408) 752-5103,https://blackswanmedia.co/san-jose-seo-agency/,"San Jose, CA",digital marketing agency,bruno@blackswanmedia.co,scraped
Boomcycle Digital Marketing,"111 Deerwood Rd STE 200, San Ramon, CA 94583, USA",(925) 222-5221,https://boomcycle.com/,"San Jose, CA",digital marketing agency,hello@boomcycle.com,scraped
Colibri Digital Marketing,"5927 Almaden Ln, Oakland, CA 94611, USA",(415) 900-4788,https://colibridigitalmarketing.com/,"San Jose, CA",digital marketing agency,hello@colibridigitalmarketing.com,scraped
B2B Lead Generation Company | Markable Solutions,"21451 Continental Cir, Saratoga, CA 95070, USA",(408) 799-4081,https://www.markablesolutions.com/,"San Jose, CA",lead generation agency,info@markablesolutions.com,scraped
ViewRanking,"84 W Santa Clara St #700, San Jose, CA 95113, USA",(800) 822-8289,https://viewranking.com/,"San Jose, CA",lead generation agency,support@viewranking.com,scraped
Sonder Consulting LLC,"1599 Berryessa Rd, San Jose, CA 95133, USA",(888) 423-4156,https://sonderconsultingllc.com/,"San Jose, CA",lead generation agency,info@sonderconsultingllc.com,scraped
ResultFirst,"1309 Flax Moss Ct, San Jose, CA 95120, USA",(888) 512-1890,https://www.resultfirst.com/,"San Jose, CA",lead generation agency,sales@resultfirst.com,scraped
MotivIT | Managed IT Solutions,"2880 Zanker Rd, San Jose, CA 95134, USA",(877) 350-3300,https://www.motivit.com/,"San Jose, CA",sales consulting firm,servicedesk@motivit.com,scraped
Sigma 3 Tax Advisory,"333 Santana Row, San Jose, CA 95128, USA",(408) 832-1148,https://sigma3taxadvisory.com/,"San Jose, CA",sales consulting firm,info@sigma3taxadvisory.com,scraped
focus consultancy inc,"995 Amstutz Dr, San Jose, CA 95129, USA",(855) 535-3189,http://www.lfocusinc.com/contact.html,"San Jose, CA",sales consulting firm,inquiry@lfocusinc.com,scraped
XSELLerate Sales,"5693 Morningside Dr, San Jose, CA 95138, USA",(408) 832-4010,http://xselleratesales.com/,"San Jose, CA",sales consulting firm,ycovello@xselleratesales.com,scraped
PRG Real Estate | EXP,"4982 Cherry Ave, San Jose, CA 95118, USA",(408) 799-6047,http://www.realestateprg.com/,"San Jose, CA",real estate agency,info@realestateprg.com,scraped
Silicon Valley Real Estate Team,"1567 Meridian Ave, San Jose, CA 95125, USA",(408) 741-9300,https://www.siliconvalleyrealestateteam.com/,"San Jose, CA",real estate agency,info@siliconvalleyrealestateteam.com,scraped
Pacificwide Real Estate & Mortgage,"3005 Silver Creek Rd #214, San Jose, CA 95121, USA",(408) 532-1278,http://www.pacificwide.com/,"San Jose, CA",real estate agency,myemail@gmail.com,scraped
Tom Nixon | Real Estate Agent | Greater San Jose Area,"1712 Meridian Ave, San Jose, CA 95125, USA",(408) 981-4685,https://tomnixonteam.com/,"San Jose, CA",real estate agency,thomasgnixon@gmail.com,scraped
"Utopia Property Management | San Jose, CA","2033 Gateway Pl 5th Floor, San Jose, CA 95110, USA",(408) 342-1111,https://utopiamanagement.com/locations/san-jose-ca,"San Jose, CA",real estate agency,info@utopiamanagement.com,scraped
Citi One Realty,"95113, United States, California, San Jose, Park Ave, Suite #200",(408) 828-1809,https://www.caprisellshomes.com/,"San Jose, CA",real estate agency,capri.sellsproperties@gmail.com,scraped
"Lupe Silva, Top Producer Realtor","71 Wilson Ave, San Jose, CA 95126, USA",(408) 839-9009,https://lupesilvahomes.com/,"San Jose, CA",real estate agency,lupesilva2@gmail.com,scraped
AEZ Realty,"4010 Moorpark Ave#205, Moorpark Ave, San Jose, CA 95117, USA",(408) 217-8700,http://www.aezrealty.com/,"San Jose, CA",real estate agency,shawn@aezrealty.com,scraped
Fiesta Auto Insurance & Tax Service,"1152 E Julian St Suite #30, San Jose, CA 95116, USA",(408) 929-5600,https://fiestainsurance.com/stores/fiesta-insurance-and-tax-san-jose-california-ca014/,"San Jose, CA",insurance agency,fiestaca014@fiestainsurance.com,scraped
Wynn Insurance Agency,"88 Tully Rd STE 100, San Jose, CA 95122, USA",(408) 215-2087,https://www.wynninsuranceagency.com/,"San Jose, CA",insurance agency,info@wynninsuranceagency.com,scraped
Khalsa Insurance Agency,"3750 McKee Rd A, San Jose, CA 95127, USA",(408) 272-2500,http://www.khalsainsurance.com/,"San Jose, CA",insurance agency,info@khalsainsurance.com,scraped
PHP Insurance Services Inc.,"1290 Tully Rd #80, San Jose, CA 95122, USA",(408) 528-1528,http://www.phpbroker.com/,"San Jose, CA",insurance agency,info@phpbroker.com,scraped
Highlight Solar,"1624 Remuda Ln, San Jose, CA 95112, USA",(866) 926-9997,https://www.highlightsolar.com/,"San Jose, CA",solar company,sales@highlightsolar.com,scraped
Smart Solar Panel Cleaning San Jose,"1150 Weldon Ln, San Jose, CA 95131, USA",(408) 638-6311,https://smartsolarcleaning.com/solar-panel-cleaning-san-jose-california/,"San Jose, CA",solar company,smartsolarcleaning@gmail.com,scraped
TN Electrical and Solar Services,"1313 N Milpitas Blvd #158, Milpitas, CA 95035, USA",(408) 229-3632,http://www.tnsolars.com/,"San Jose, CA",solar company,info@tnsolars.com,scraped
Green Leaf Solar & Electric,"667 N 12th St, San Jose, CA 95112, USA",(669) 208-3007,https://www.greenleafsolarelectric.com/,"San Jose, CA",solar company,info@greenleafsolarelectric.com,scraped
"Simmitri, Inc.","6203 San Ignacio Ave #110, San Jose, CA 95119, USA",(408) 779-3333,http://www.simmitri.com/,"San Jose, CA",solar company,info@simmitri.com,scraped
Soleeva,"1918 Junction Ave, San Jose, CA 95131, USA",(833) 820-8080,http://www.soleeva.com/,"San Jose, CA",solar company,info@soleeva.com,scraped
Auxin Solar Inc.,"6835 Vía del Oro, San Jose, CA 95119, USA",(408) 225-4380,http://www.auxinsolar.com/,"San Jose, CA",solar company,salesusa@auxinsolar.com,scraped
Sandbar Solar & Electric,"2656 Mission St, Santa Cruz, CA 95060, USA",(831) 469-8888,https://sandbarsc.com/?utm_source=google&utm_medium=google+business+profile,"San Jose, CA",solar company,contact@sandbarsc.com,scraped
All About Roofing Repair & Installation,"2548 Seaboard Ave, San Jose, CA 95131, USA",(408) 426-0590,https://aaroof.net/san-jose/,"San Jose, CA",roofing company,info@aaroof.net,scraped
Newhaus Roofing & Construction,"670 Coleman Ave, San Jose, CA 95110, USA",(855) 846-5355,https://newhausroofing.com/?utm_source=google&utm_medium=organic&utm_campaign=gmb-primary-link-san,"San Jose, CA",roofing company,info@newhausroofing.com,scraped
"Westshore Roofing, Inc.","2245 Fortune Dr STE A, San Jose, CA 95131, USA",(408) 456-0200,https://www.westshoreroofing.com/,"San Jose, CA",roofing company,paulwestshore@icloud.com,scraped
Master Craft Roofing,"6525 Crown Blvd unit 20697, San Jose, CA 95160, USA",(408) 472-4668,https://mastercraftroofs.com/,"San Jose, CA",roofing company,office@mastercraftroofs.com,scraped
Redwood Roofing San Jose,"16185 Los Gatos Blvd suite 201, Los Gatos, CA 95032, USA",(408) 766-3950,https://redwoodroofing.com/service-areas/santa-clara-county-ca/san-jose/,"San Jose, CA",roofing company,contact@redwoodroofing.com,scraped
Loan Factory - We Dare You to Compare,"2195 Tully Rd, San Jose, CA 95122, USA",(660) 333-3333,https://www.loanfactory.com/,"San Jose, CA",mortgage broker,info@loanfactory.com,scraped
First Stop Mortgage Corporation,"2114 Senter Rd STE 11, San Jose, CA 95112, USA",(408) 900-6789,http://firststopmortgage.com/,"San Jose, CA",mortgage broker,nhan@firststopmortgage.com,scraped
Esther Chien Mortgage - The Loan Story,"4880 Stevens Creek Blvd #200, San Jose, CA 95129, USA",(510) 552-9991,http://www.estherchien.com/,"San Jose, CA",mortgage broker,weeklyrealestateshow@gmail.com,scraped
Wonder Rates,"621 Tully Rd #125, San Jose, CA 95111, USA",(408) 600-1900,https://www.wonderrates.com/,"San Jose, CA",mortgage broker,dp@wonderrates.com,scraped
"101 Loan and Rob McCarthy - Specialist in Residential, Commercial and Reverse Mortgage Financing","6090 Hellyer Ave #100, San Jose, CA 95138, USA",(650) 465-8957,http://www.101loan.com/,"San Jose, CA",mortgage broker,rob@101loan.com,scraped
Stephen Wong - Bayone Reic,"1754 Technology Dr STE 108, San Jose, CA 95110, USA",(408) 780-8228,http://www.stephenloan.com/,"San Jose, CA",mortgage broker,stephenwong228@gmail.com,scraped
Change Home Mortgage,"101 Metro Dr #660, San Jose, CA 95110, USA",(408) 416-3967,http://changemtg.com/,"San Jose, CA",mortgage broker,info@changemtg.com,scraped
"Wealth Cairn, LLC - An Investor Coaching Company","910 E Hamilton Ave #150, Campbell, CA 95008, USA",(408) 520-1518,http://www.wealthcairn.com/,"San Jose, CA",financial advisor,hello@wealthcairn.com,scraped
Financial Journey Partners,"101 Metro Dr Suite 264, San Jose, CA 95110, USA",(408) 963-2858,https://www.financialjourney.com/,"San Jose, CA",financial advisor,info@financialjourney.com,scraped
"Sequoia Wealth Advisors and Invesment Management, Inc.","99 S Almaden Blvd #925, San Jose, CA 95113, USA",(408) 645-2500,http://www.sequoiawa.com/,"San Jose, CA",financial advisor,connect@sequoiawa.com,scraped
Sun Wealth Advisor of LPL Financial,"5446 Thornwood Dr Suite 101, San Jose, CA 95123, USA",(408) 963-2887,https://www.sunwealthadvisor.com/,"San Jose, CA",financial advisor,info@sunwealthadvisor.com,scraped
Heckman Financial & Insurance Services Inc-HFIS,"333 W Santa Clara St #604, San Jose, CA 95113, USA",(408) 297-9800,https://www.wealthcreator.com/,"San Jose, CA",financial advisor,ericheckman@wealthcreator.com,scraped
Transitions Wealth Advisors,"1100 Lincoln Ave #241, San Jose, CA 95125, USA",(408) 357-7762,https://transitionswealthadvisors.com/,"San Jose, CA",financial advisor,connect@transitionswealthadvisors.com,scraped
Silicon Valley Financial Group,"950 S Bascom Ave #2112, San Jose, CA 95128, USA",(408) 280-0800,http://www.svfg.com/,"San Jose, CA",financial advisor,jehana@svfg.com,scraped
Modern Wealth Management - Campbell,"3274, 2105 S Bascom Ave #110, Campbell, CA 95008, USA",(408) 369-7399,https://modwm.com/locations/campbell-ca/,"San Jose, CA",financial advisor,info@modwm.com,scraped
San Francisco Online Marketing - SFOM,"415 Mission St #37-132, San Francisco, CA 94105, USA",(415) 360-6199,https://www.sfomarketing.com/,"San Francisco, CA",marketing agency,info@sfomarketing.com,scraped
SPRITZ Marketing,"9 Hemway Terrace, San Francisco, CA 94117, USA",(415) 221-2875,https://spritzsf.com/?utm_source=google&utm_medium=gmb&utm_campaign=organic,"San Francisco, CA",marketing agency,info@spritzsf.com,scraped
WHISK,"595 Pacific Ave 4th floor, San Francisco, CA 94133, USA",(415) 971-6297,http://www.whisksf.com/,"San Francisco, CA",marketing agency,hello@whisksf.com,scraped
Victorious SEO,"548 Market St #41895, San Francisco, CA 94104, USA",(415) 621-9830,https://victorious.com/,"San Francisco, CA",marketing agency,sales@victorious.com,scraped
Emily Martin,"3199 Clay St, San Francisco, CA 94115, USA",(707) 926-3200,http://www.emily-e-martin.com/,"San Francisco, CA",marketing agency,emily@emily-e-martin.com,scraped
DPDK - Brand innovation agency for the bold,"44 Tehama St, San Francisco, CA 94105, USA",(718) 782-4050,https://dpdk.com/contact/brand-innovation-agency-san-francisco?utm_source=google&utm_medium=my-business&utm_campaign=sanfrancisco,"San Francisco, CA",marketing agency,info@dpdk.com,scraped
"JH SEO Agency | San Francisco SEO Experts - Digital Marketing, Ads Management, & Web Development","2045 15th St, San Francisco, CA 94114, USA",(213) 894-9220,https://jhseoagency.com/top-san-francisco-seo/,"San Francisco, CA",marketing agency,managementteam@jhseoagency.com,scraped
Clay,"300 Broadway #23, San Francisco, CA 94133, USA",(415) 796-6262,http://clay.global/,"San Francisco, CA",marketing agency,hey@clay.global,scraped
6S Digital Marketing Agency,"88 Howard St #2300, San Francisco, CA 94105, USA",(415) 870-2278,http://www.6sdigital.com/,"San Francisco, CA",digital marketing agency,info@6sdigital.com,scraped
Level343 LLC,"584 Castro St #850, San Francisco, CA 94114, USA",(415) 308-7375,https://level343.com/,"San Francisco, CA",digital marketing agency,info@level343.com,scraped
First Leads,"166 Geary St, San Francisco, CA 94108, USA",,https://firstleads.ai/,"San Francisco, CA",lead generation agency,info@firstleads.ai,scraped
ViewRanking,"560 Central Ave A, San Francisco, CA 94117, USA",(800) 822-8289,https://viewranking.com/digital-marketing-agency-in-san-francisco-california/,"San Francisco, CA",lead generation agency,support@viewranking.com,scraped
Proleadsoft,"4686 18th St, San Francisco, CA 94114, USA",(415) 723-0776,https://proleadsoft.com/,"San Francisco, CA",lead generation agency,info@proleadsoft.com,scraped
Concept,"100 Pine St #1250, San Francisco, CA 94111, USA",(415) 549-9231,http://www.conceptsf.com/,"San Francisco, CA",lead generation agency,hello@conceptsf.com,scraped
West Coast Consulting Group,"355 Bryant St UNIT 202, San Francisco, CA 94107, USA",(415) 626-3493,https://www.westcoastconsulting.com/,"San Francisco, CA",sales consulting firm,info@westcoastconsulting.com,scraped
Bain & Company,"415 Mission St Suite 4800, San Francisco, CA 94105, USA",(415) 627-1000,https://www.bain.com/offices/san-francisco/?utm_medium=organic&utm_source=googlemybusiness&utm_campaign=gmb-gmb-listing-evg&utm_content=sanfrancisco,"San Francisco, CA",sales consulting firm,dan.pinkney@bain.com,scraped
Above Consulting Inc.,"505 Montgomery St STE 1100, San Francisco, CA 94111, USA",(415) 723-6513,https://www.aboveconsultinginc.com/,"San Francisco, CA",sales consulting firm,eddie.tang@aboveconsultinginc.com,scraped
Mann Consulting LLC,"282 2nd St 4th Fl, San Francisco, CA 94105, USA",(415) 546-6266,http://www.mann.com/,"San Francisco, CA",sales consulting firm,support@mann.com,scraped
Ruth Krishnan - San Francisco Real Estate,"3961 24th St, San Francisco, CA 94114, USA",(415) 735-5867,https://www.ruthkrishnan.com/,"San Francisco, CA",real estate agency,info@ruthkrishnan.com,scraped
Ms. San Francisco Real Estate,"2380 Irving St, San Francisco, CA 94122, USA",(415) 832-9151,https://janiceleehomes.com/,"San Francisco, CA",real estate agency,janiceflee@gmail.com,scraped
The SF Team | James Shinbori + Eva Stoyanov + Kasia Meron | Compass - Top 1% Real Estate Company San Francisco,"Compass, 3512 16th St, San Francisco, CA 94114, USA",(415) 523-4565,https://thesfteam.com/,"San Francisco, CA",real estate agency,eva@thesfteam.com,scraped
City Real Estate,"629 Divisadero St, San Francisco, CA 94117, USA",(415) 325-2295,http://www.cityrealestatesf.com/,"San Francisco, CA",real estate agency,info@cityrealestatesf.com,scraped
ESI Insurance Brokers,"2085 Van Ness Ave, San Francisco, CA 94109, USA",(415) 440-5136,http://www.insurance415.com/,"San Francisco, CA",insurance agency,broker@insurance415.com,scraped
Robert E. Kennedy Insurance Agency,"2269 Chestnut St #301, San Francisco, CA 94123, USA",(415) 951-0738,http://www.kennedyinsuranceagency.com/,"San Francisco, CA",insurance agency,info@kennedyinsuranceagency.com,scraped
April Insurance Agency,"204 Valencia St Unit 6, San Francisco, CA 94103, USA",(415) 242-8100,http://aprilinsurance.com/,"San Francisco, CA",insurance agency,support@aprilinsurance.com,scraped
Wang Insurance,"2620 Judah St, San Francisco, CA 94122, USA",(415) 731-7062,http://www.wangins.com/,"San Francisco, CA",insurance agency,info@wangins.com,scraped
CAL Insurance & Associates,"314 W Portal Ave, San Francisco, CA 94127, USA",(415) 661-6500,https://mycalteam.com/,"San Francisco, CA",insurance agency,info@mycalteam.com,scraped
Riskguard Insurance Solutions,"422 Presidio Ave, San Francisco, CA 94115, USA",(415) 447-4212,http://www.riskguardins.com/,"San Francisco, CA",insurance agency,office@riskguardins.com,scraped
Parceros Insurance,"3186 21st St, San Francisco, CA 94110, USA",(510) 755-2426,https://parcerosinsurance.com/,"San Francisco, CA",insurance agency,impallari@gmail.com,scraped
All Bay Solar Construction,"5743 Mission St, San Francisco, CA 94112, USA",(415) 624-3535,http://www.allbaysolar.com/,"San Francisco, CA",solar company,info@allbaysolar.com,scraped
Luminalt Solar,"10 Carolina St, San Francisco, CA 94103, USA",(415) 641-4000,https://luminalt.com/,"San Francisco, CA",solar company,info@luminalt.com,scraped
Aurora Solar Inc.,"153 Kearny St 5th Floor, San Francisco, CA 94103, USA",,http://www.aurorasolar.com/,"San Francisco, CA",solar company,hello@aurorasolar.com,scraped
Potrero Energy,"1552 22nd St, San Francisco, CA 94107, USA",(415) 873-3463,https://potreroenergy.com/,"San Francisco, CA",solar company,sales@potreroenergy.com,scraped
Sutro Power,"2259 Shafter Ave, San Francisco, CA 94124, USA",(415) 714-9350,https://www.sutropower.com/contact,"San Francisco, CA",solar company,info@sutropower.com,scraped
Eco Smart Roofer,"551 25th Ave, San Francisco, CA 94121, USA",(415) 240-9840,https://ecosmartroofer.com/,"San Francisco, CA",roofing company,team@ecosmartroofer.com,scraped
Marina Bay Roofing,"4411 Geary Blvd #301, San Francisco, CA 94118, USA",(628) 233-8140,https://marinabayroofing.com/?utm_campaign=gmb-san-francisco,"San Francisco, CA",roofing company,info@marinabayroofing.com,scraped
ROOF EXPRESS,"58 W Portal Ave, San Francisco, CA 94127, USA",(650) 666-5554,https://roof-ex.com/,"San Francisco, CA",roofing company,sales@roof-ex.com,scraped
7x7 Roofing,"2443 Fillmore St, San Francisco, CA 94115, USA",(415) 535-8170,https://www.7x7roofing.com/,"San Francisco, CA",roofing company,erik@7x7roofing.com,scraped
Royal Roofing CA,"109 Northcrest Dr, South San Francisco, CA 94080, USA",(408) 418-2474,https://royalroofingca.com/,"San Francisco, CA",roofing company,info@royalroofingca.com,scraped
Tom Lee Roofing Inc,"We moved!, 88 Dixon Ct, Daly City, CA 94014, USA",(415) 333-5373,http://www.tomleeroofing.com/,"San Francisco, CA",roofing company,impallari@gmail.com,scraped
GLAM ROOFING INC.,"2550 Bayshore Blvd, San Francisco, CA 94134, USA",(415) 877-4430,https://roofglam.com/,"San Francisco, CA",roofing company,office2@roofglam.com,scraped
Shawn Maxwell - Homepoint Lending Inc,"945 Market St Suite 501, San Francisco, CA 94103, USA",(650) 759-4094,http://www.homepointlending.com/,"San Francisco, CA",mortgage broker,hello@homepointlending.com,scraped
Julie Malta- Guarantee Mortgage NMLS #254124,"232 Townsend St, San Francisco, CA 94107, USA",(415) 203-6800,http://www.guaranteemortgage.com/,"San Francisco, CA",mortgage broker,info@guaranteemortgage.com,scraped
Guarantee Mortgage,"505 Montgomery St #1275, San Francisco, CA 94111, USA",(415) 441-5050,http://guaranteemortgage.com/,"San Francisco, CA",mortgage broker,info@guaranteemortgage.com,scraped
Chestnut Mortgage,"2261 Market St Ste 86346, San Francisco, CA 94114, USA",(628) 213-8391,https://chestnutmortgage.com/,"San Francisco, CA",mortgage broker,contact@chestnutmortgage.com,scraped
Sean Byrne - Mortgage Advisor,"2147 Union St, San Francisco, CA 94123, USA",(415) 876-9996,https://promortgage.com/team/sean-byrne/,"San Francisco, CA",mortgage broker,sean@promortgage.com,scraped
Tom Banducci at Cornerstone First Mortgage (NMLS #290222),"315 Montgomery St Ste 933, San Francisco, CA 94104, USA",(415) 432-7786,https://cfmtg.com/tbanducci/,"San Francisco, CA",mortgage broker,info@cfmtg.com,scraped
"Bridgepoint Funding, Inc.","3478 Buskirk Ave #1000, Pleasant Hill, CA 94523, USA",(925) 478-8630,https://www.bpfund.com/,"San Francisco, CA",mortgage broker,manny.silva@bpfund.com,scraped
Mark Johnson at Rate (NMLS #451091),"41 Freelon St, San Francisco, CA 94107, USA",(805) 448-6094,https://www.rate.com/markrjohnson?utm_source=google&utm_medium=organic&utm_campaign=yext&utm_content=31867&adtrk=%7Cseo%7Cgoogle%7Cyext%7C31867%7C,"San Francisco, CA",mortgage broker,customercare@rate.com,scraped
True Root Financial,"3445 Scott St, San Francisco, CA 94123, USA",(415) 323-6602,http://www.truerootfinancial.com/,"San Francisco, CA",financial advisor,hello@truerootfinancial.com,scraped
The Advisory Group of San Francisco,"44 Montgomery St Suite 2410, San Francisco, CA 94104, USA",(415) 977-1200,https://advisorygroupsf.com/?utm_source=google&utm_medium=organic&utm_campaign=gbp-listing,"San Francisco, CA",financial advisor,welcome@advisorygroupsf.com,scraped
Dogpatch Wealth,"555 20th St Suite 2 & 3, San Francisco, CA 94107, USA",(415) 464-7533,https://dogpatchwealth.com/?utm_source=google&utm_medium=organic&utm_campaign=gbp,"San Francisco, CA",financial advisor,adam@dogpatchwealth.com,scraped
Citrine Capital,"535 Mission St 14th floor, San Francisco, CA 94105, USA",(415) 494-8262,https://citrinecapitaladvisors.com/,"San Francisco, CA",financial advisor,info@citrinecapitaladvisors.com,scraped
Wealth Script Advisors LLC,"605 Market St Suite 509, San Francisco, CA 94105, USA",(415) 300-0610,https://mywealthscript.com/,"San Francisco, CA",financial advisor,alex@mywealthscript.com,scraped
Jackson Square Financial,"48 Gold St, San Francisco, CA 94133, USA",(415) 217-7900,http://www.jsfin.com/,"San Francisco, CA",financial advisor,info@jsfin.com,scraped
"Edward Jones - Financial Advisor: Mark T Hegland, ChFC®","1601 Dolores St, San Francisco, CA 94110, USA",(415) 440-3340,https://www.edwardjones.com/us-en/financial-advisor/mark-hegland?y_source=1_NjQwNjM1LTcxNS1sb2NhdGlvbi53ZWJzaXRl,"San Francisco, CA",financial advisor,sandie.li@edwardjones.com,scraped
Brio Financial Group,"19 Sutter St, San Francisco, CA 94104, USA",(833) 623-2450,https://www.briofg.com/,"San Francisco, CA",financial advisor,hello@briofg.com,scraped
Treehouse Wealth Advisors,"220 Montgomery St Suite 1850, San Francisco, CA 94104, USA",(415) 928-0401,https://treehousewealth.com/,"San Francisco, CA",financial advisor,hello@treehousewealth.com,scraped
AMARQUEZ - Marketing & Web Design,"265 E River Park Cir Ste 110, Fresno, CA 93720, USA",(559) 408-5150,https://amarquez.agency/,"Fresno, CA",marketing agency,hello@amarquez.agency,scraped
Nettra Media,"744 P St STE 330, Fresno, CA 93721, USA",(559) 981-5181,https://nettramedia.com/?utm_source=google-my-business&utm_medium=organic&utm_campaign=fresno,"Fresno, CA",marketing agency,hi@nettramedia.com,scraped
PREM PR & SOCIAL,"8050 N Palm Ave Suite 300, Fresno, CA 93711, USA",(559) 512-6551,https://premprsocial.com/,"Fresno, CA",marketing agency,info@premprsocial.com,scraped
Real-Time Outsource,"7112 N Fresno St UNIT 140, Fresno, CA 93720, USA",(559) 905-0956,http://www.realtimeoutsource.com/,"Fresno, CA",marketing agency,support@realtimeoutsource.com,scraped
Ad Edge Marketing Group,"2727 N Grove Industrial Dr 101 - I, Fresno, CA 93727, USA",(559) 325-4084,http://www.adedgemg.com/,"Fresno, CA",marketing agency,info@adedgemg.com,scraped
Publired Marketing,"2472 S Holloway Ave, Fresno, CA 93725, USA",(559) 372-9724,https://publiredmarketing.com/,"Fresno, CA",marketing agency,info@publiredmarketing.com,scraped
Archer & Hound Advertising,"7910 N Ingram Ave #101,102, Fresno, CA 93711, USA",(559) 454-9400,https://archerandhound.com/,"Fresno, CA",marketing agency,info@archerandhound.com,scraped
Egility Digital Marketing - Fresno,"PMB 2010, 2167 Shaw Ave #115, Clovis, CA 93611, USA",(559) 330-1122,http://www.egilitydigital.com/,"Fresno, CA",digital marketing agency,support@egilitydigital.com,scraped
Digital Assets Marketing,"6083 N Figarden Dr #346, Fresno, CA 93722, USA",(559) 499-3150,https://digitalassetsmarketing.com/,"Fresno, CA",digital marketing agency,info@digitalassetsmarketing.com,scraped
Its On Media,"1665 East Green Sage Avenue, Fresno, CA 93730, USA",(855) 996-1691,https://itsonmedia.com/,"Fresno, CA",digital marketing agency,info@itsonmedia.com,scraped
EnFuegoMedia - Lead Generation SEO Services,"8930 N 6th St, Fresno, CA 93720, USA",(559) 709-5808,https://leadgenerationseoservices.com/,"Fresno, CA",lead generation agency,joey@leadgenerationseoservices.com,scraped
360 Media Direct,"653 W Fallbrook Ave #101, Fresno, CA 93711, USA",(800) 258-3350,http://www.360mediadirect.com/,"Fresno, CA",lead generation agency,partner@360mediadirect.com,scraped
Federico Consulting Inc.,"333 W Shaw Ave #104, Fresno, CA 93704, USA",(559) 224-5922,http://federico.net/,"Fresno, CA",sales consulting firm,sales@federico.net,scraped
Bottom Line Group - Broker | Plan | Design | Engineer | Build | Capital | Manage,"6781 N Palm Ave Suite 100, Fresno, CA 93704, USA",(559) 917-3207,http://www.bottom-line.com/,"Fresno, CA",sales consulting firm,info@bottom-line.com,scraped
Stardom Employment Consultants,"8050 N Palm Ave Ste 308, Fresno, CA 93711, USA",(559) 218-5819,https://stardomconsult.com/,"Fresno, CA",sales consulting firm,info@stardomconsult.com,scraped
Stantec,"6780 N West Ave Suite 103, Fresno, CA 93711, USA",(559) 271-2650,https://www.stantec.com/en/offices/united-states-locations/california-offices-filtered/fresno-colonial-ave-california-office?utm_source=google-business-profile&utm_medium=organic&utm_campaign=website-gbp_listing_united-states&utm_content=california_fresno,"Fresno, CA",sales consulting firm,askstantec@stantec.com,scraped
Hajana Technologies,"439 W Audubon Dr, Fresno, CA 93711, USA",(669) 235-6845,https://hajanatechnologies.com/,"Fresno, CA",sales consulting firm,info@hajanatechnologies.com,scraped
Tonic HQ,"590 W Locust Ave #102, Fresno, CA 93650, USA",(559) 412-5240,https://tonichq.com/contact-us/,"Fresno, CA",sales consulting firm,support@tonichq.com,scraped
Flow Synergy Business Alliance,"7726 N First St #388, Fresno, CA 93720, USA",(559) 554-2711,http://flowsba.com/,"Fresno, CA",sales consulting firm,advisors@flowsba.com,scraped
Paul Singh Real Estate | Fresno & Clovis,"1170 E Champlain Dr Suite 109, Fresno, CA 93720, USA",(559) 905-5228,https://www.paulsinghrealtor.com/,"Fresno, CA",real estate agency,hirdeys@gmail.com,scraped
Noe Cruz All State Homes Real Estate and Mortgage Professionals,"770 E Shaw Ave #128, Fresno, CA 93710, USA",(559) 916-8617,http://www.fresnopropertysales.com/,"Fresno, CA",real estate agency,noecruzrealtor@gmail.com,scraped
Belen Sanchez Insurance Agency Inc.,"2155 N Fresno St A, Fresno, CA 93703, USA",(559) 900-1442,https://fresnoinsuranceagency.com/,"Fresno, CA",insurance agency,belen@fresnoinsuranceagency.com,scraped
Cal Patriot Insurance,"4678 N First St, Fresno, CA 93726, USA",(559) 222-4600,http://calpatriotinsurance.com/,"Fresno, CA",insurance agency,calpatriotins@yahoo.com,scraped
"Jagdeep Singh Insurance Agency, Inc","4185 W Figarden Dr #101, Fresno, CA 93722, USA",(559) 277-5580,http://www.jsinghagency.com/,"Fresno, CA",insurance agency,info@jsinghagency.com,scraped
Pronto Insurance Agency,"4045 N Blackstone Ave, Fresno, CA 93726, USA",(559) 248-2380,https://www.prontoinsurance.com/agentdetail/fresno-car-insurance-n-blackstone-ave,"Fresno, CA",insurance agency,pc003@prontoinsurance.com,scraped
Fiesta Auto Insurance & Tax Service,"4125 E Cesar Chavez Blvd Suite #105, Fresno, CA 93702, USA",(559) 418-5770,https://fiestainsurance.com/stores/fiesta-insurance-and-tax-fresno-california-ca145/,"Fresno, CA",insurance agency,fiestaca145@fiestainsurance.com,scraped
Fiesta Auto Insurance & Tax Service,"1371 N Blackstone Ave Ste 108, Fresno, CA 93703, USA",(559) 234-2300,https://fiestainsurance.com/stores/fiesta-insurance-and-tax-fresno-california-ca023/,"Fresno, CA",insurance agency,fiestaca023@fiestainsurance.com,scraped
Fiesta Auto Insurance & Tax Service,"1068 Fresno St, Fresno, CA 93706, USA",(559) 203-3833,https://fiestainsurance.com/stores/fiesta-insurance-and-tax-fresnocalifornia-ca221/,"Fresno, CA",insurance agency,fiestaca221@fiestainsurance.com,scraped
Fiesta Auto Insurance & Tax Service,"4919 N Blackstone Ave, Fresno, CA 93726, USA",(559) 549-9511,https://fiestainsurance.com/stores/fiesta-insurance-and-tax-fresno-california-ca091/,"Fresno, CA",insurance agency,fiestaca091@fiestainsurance.com,scraped
Fiesta Auto Insurance & Tax Service,"4209 E Tulare Ave, Fresno, CA 93702, USA",(559) 420-1299,https://fiestainsurance.com/stores/fiesta-insurance-and-tax-fresno-california-ca032/,"Fresno, CA",insurance agency,fiestaca032@fiestainsurance.com,scraped
McCarty Insurance Agency,"7078 N Maple Ave #106, Fresno, CA 93720, USA",(559) 324-1421,https://www.mccartyinsurance.com/,"Fresno, CA",insurance agency,cmccarty@mccartyinsurance.com,scraped
"SunMade Smart Roofing, Solar Fresno & Electric","4253 N Valentine Ave, Fresno, CA 93722, USA",(559) 523-3669,https://gosunmade.com/,"Fresno, CA",solar company,hello@gosunmade.com,scraped
"Stellar Solar, Inc.","6081 N First St STE 101, Fresno, CA 93710, USA",(559) 978-7448,https://www.solarbystellar.com/,"Fresno, CA",solar company,info@solarbystellar.com,scraped
Pacific Solar,"228 N Fairfax Ave, Clovis, CA 93612, USA",(559) 529-9249,https://pacificsolarcompany.com/?utm_campaign=gmb,"Fresno, CA",solar company,info@pacificsolarcompany.com,scraped
Golden Rays Solar & Cleaning Co.,"1690 W Shaw Ave Suite 220, Fresno, CA 93711, USA",(559) 416-6515,http://www.goldenrayssolarcleaningco.com/,"Fresno, CA",solar company,hello@goldenrayssolarcleaningco.com,scraped
Quality Home Services,"4936 E Ashlan Ave suite a, Fresno, CA 93726, USA",(559) 275-0222,https://www.qualityhomeservices.com/?utm_source=omg-gbp&utm_medium=webclick,"Fresno, CA",solar company,hello@qualityhomeservices.com,scraped
New View Roofing,"325 S Lind Ave, Fresno, CA 93727, USA",(559) 326-8683,https://www.newviewfresno.com/,"Fresno, CA",roofing company,jaime.coria19@gmail.com,scraped
Best Choice Roofing,"2777 W Browning Ave, Fresno, CA 93711, USA",(559) 575-2734,https://californiabestchoiceroofing.com/,"Fresno, CA",roofing company,bestchoiceroofing62@gmail.com,scraped
"Roof Maxx of N. Fresno, CA","4762 W Jennifer Ave STE 101, Fresno, CA 93722, USA",(559) 550-6398,https://roofmaxx.com/find-a-dealer/california/north-fresno/,"Fresno, CA",roofing company,info@roofmaxx.com,scraped
Advanced Roofing & Raingutters,"130 E North Ave, Fresno, CA 93706, USA",(559) 441-7800,https://advancedroofingandraingutters.com/,"Fresno, CA",roofing company,info@advancedroofingandraingutters.com,scraped
The Roofing Crew LLC,"2777 W Browning Ave, Fresno, CA 93711, USA",(559) 283-3020,http://theroofingcrewllc.com/,"Fresno, CA",roofing company,theroofingcrewllc@gmail.com,scraped
Infinite Roofing Solutions,"4762 W Jennifer Ave STE 101, Fresno, CA 93722, USA",(559) 550-6398,https://www.infroofing.com/,"Fresno, CA",roofing company,info@infroofing.com,scraped
Reasonable Roofing LLC,"794 W Magill Ave, Fresno, CA 93704, USA",(559) 417-6988,https://reasonableroofing.net/,"Fresno, CA",roofing company,reasonableroofing@yahoo.com,scraped
HGC Roofing INC,"6482 N Palm Ave, Fresno, CA 93704, USA",(559) 573-9786,https://www.hgcroofinginc.com/?utm_source=google&utm_medium=organic&utm_campaign=gbp,"Fresno, CA",roofing company,office@hgcroofinginc.com,scraped
Trust All Roofing Inc.,"5848 E Terrace Ave, Fresno, CA 93727, USA",(559) 230-0317,http://www.trust-allroofing.com/,"Fresno, CA",roofing company,d@trust-allroofing.com,scraped
"Planet Home Lending, LLC - Fresno","1177 E Shaw Ave #116, Fresno, CA 93710, USA",(559) 370-0524,http://www.planethomelending.com/mortgage-loan-officers/california/fresno,"Fresno, CA",mortgage broker,mediainquiries@planethomelending.com,scraped
Mid Valley Financial,"7644 N Palm Ave, Fresno, CA 93711, USA",(559) 432-8221,https://www.mvloans.com/,"Fresno, CA",mortgage broker,info@mvloans.com,scraped
Precision Home Loans,"653 W Fallbrook Ave, Fresno, CA 93711, USA",(559) 214-1820,https://www.precisionhl.com/,"Fresno, CA",mortgage broker,info@precisionhl.com,scraped
Daniel Conde Mortgage Broker/Lender at Western Pioneer Financial,"1398 W Herndon Ave #205, Fresno, CA 93711, USA",(559) 593-1380,https://wpfloans.com/team-member/daniel-conde/,"Fresno, CA",mortgage broker,info@wpfloans.com,scraped
Empower Home Loans,"759 W Alluvial Ave #101, Fresno, CA 93711, USA",(559) 389-5977,http://www.empowermyloan.com/,"Fresno, CA",mortgage broker,info@empowermyloan.com,scraped
Jose Sahagun-Loan Officer-Vault Mortgage,"413 W Yosemite Ave Suite #106B, Madera, CA 93637, USA",(559) 395-4861,https://vaultmortgagelending.com/,"Fresno, CA",mortgage broker,jose@vaultmortgagelending.com,scraped
Ernesto Padilla Home Loan Team-Mortgage Broker,"7541 N Remington Ave #103, Fresno, CA 93711, USA",(559) 618-2367,http://www.eploans.com/,"Fresno, CA",mortgage broker,ernesto@eploans.com,scraped
XANDER MORTGAGE & REAL ESTATE INC,"2520 W Shaw Ln #106, Fresno, CA 93711, USA",(559) 905-2575,https://www.goxander.com/,"Fresno, CA",mortgage broker,mohan@goxander.com,scraped
Travis T Williams,"1398 W Herndon Ave, Fresno, CA 93711, USA",(559) 287-3145,https://wpfloans.com/team-member/travis-williams/,"Fresno, CA",mortgage broker,info@wpfloans.com,scraped
KERR WEALTH MANAGEMENT,"7255 N First St #101, Fresno, CA 93720, USA",(559) 277-4772,http://www.kerrwealth.com/,"Fresno, CA",financial advisor,akerr@kerrwealth.com,scraped
Whelan Financial,"7700 N Palm Ave Ste. 201, Fresno, CA 93711, USA",(559) 228-8002,http://www.whelanfinancial.com/,"Fresno, CA",financial advisor,info@whelanfinancial.com,scraped
Diversified Wealth Management Solutions,"7948 N Maple Ave UNIT 107, Fresno, CA 93720, USA",(559) 412-8492,http://www.diversifiedwms.com/,"Fresno, CA",financial advisor,markalcorn@diversifiedwms.com,scraped
Consolidated Financial Services,"1579 W Shaw Ave, Fresno, CA 93711, USA",(559) 705-4899,https://dot.cards/cfs,"Fresno, CA",financial advisor,uonlyretireonce@gmail.com,scraped
Evans Legacy Financial,"RMJE, 516 W Shaw Ave STE 112, Fresno, CA 93704, USA",(559) 907-1011,https://evanslegacyfinancial.com/,"Fresno, CA",financial advisor,evanslegacyfinancial@gmail.com,scraped
Ford Financial Group,"5260 N Palm Ave #221, Fresno, CA 93704, USA",(559) 449-8690,https://www.fordfg.com/,"Fresno, CA",financial advisor,info@fordfg.com,scraped
"Bridgewealth Advisory Group, LLC","986 W Alluvial Ave #101, Fresno, CA 93711, USA",(559) 432-6100,http://www.bridgewealth.com/,"Fresno, CA",financial advisor,info@bridgewealth.com,scraped
Legacy Finance,"516 5th St #201, Clovis, CA 93612, USA",(559) 297-8080,http://www.imalegacy.com/,"Fresno, CA",financial advisor,info@imalegacy.com,scraped
LPL Financial & Warner Wealth Strategies,"7447 N First St #203, Fresno, CA 93720, USA",(559) 436-4717,http://www.warnerwealth.com/,"Fresno, CA",financial advisor,team@warnerwealth.com,scraped
"Edward Jones - Financial Advisor: David J Soltes, CFP®|CRPS™","265 E River Park Cir #480, Fresno, CA 93720, USA",(559) 492-1345,https://www.edwardjones.com/us-en/financial-advisor/david-soltes?y_source=1_MTQ5ODUxNTMtNzE1LWxvY2F0aW9uLndlYnNpdGU%3D,"Fresno, CA",financial advisor,david.soltes@edwardjones.com,scraped
Plancorp Wealth Management,"1312 W Herndon Ave, Fresno, CA 93711, USA",(559) 438-2640,http://www.plancorp.com/locations/fresno,"Fresno, CA",financial advisor,charley@plancorp.com,scraped
Bright Valley Marketing,"1007 7th St Ste 400, Sacramento, CA 95814, USA",(916) 607-9953,https://www.brightvalleymarketing.com/,"Sacramento, CA",marketing agency,info@brightvalleymarketing.com,scraped
Tetra Agency,"2014 Capitol Ave, Sacramento, CA 95811, USA",(916) 661-8008,https://tetraagency.org/agency,"Sacramento, CA",marketing agency,sagar_kumar881@yahoo.com,scraped
Kova Team,"2110 K St, Sacramento, CA 95816, USA",(916) 436-3286,https://kova.team/?utm_source=google&utm_medium=organic&utm_campaign=gmb-sacramento,"Sacramento, CA",marketing agency,contact@kova.team,scraped
Afluencer,"1710 R St UNIT 404, Sacramento, CA 95811, USA",(916) 480-8425,https://afluencer.com/,"Sacramento, CA",marketing agency,sales@afluencer.com,scraped
Skroll Marketing,"918 5th St, Sacramento, CA 95814, USA",(916) 970-8600,https://skrollmarketing.com/,"Sacramento, CA",marketing agency,contact@skrollmarketing.com,scraped
Bright Eyes Marketing,"916 12th St Suite 100, Sacramento, CA 95814, USA",(916) 370-1371,https://brighteyesmarketing.com/contact/,"Sacramento, CA",marketing agency,hello@brighteyesmarketing.com,scraped
HM Marketing,"5468 Dunlay Dr, Sacramento, CA 95835, USA",(916) 992-4744,https://helpingmerchants.com/,"Sacramento, CA",marketing agency,hello@helpingmerchants.com,scraped
Un/Common,"1331 21st Street, Sacramento, CA 95811, USA",(916) 448-6956,http://uncommon.us/,"Sacramento, CA",marketing agency,info@uncommon.us,scraped
True Social Marketing,"1750 Prairie City Rd, Folsom, CA 95630, USA",(916) 496-8798,http://www.truesocialmarketing.com/,"Sacramento, CA",marketing agency,info@truesocialmarketing.com,scraped
AIM Digital Marketing Agency,"280 Commerce Cir, Sacramento, CA 95815, USA",(916) 890-0908,https://aimdigitalagency.com/locations/sacramento/?utm_campaign=gmb&utm_medium=gbp&utm_source=google,"Sacramento, CA",marketing agency,aiminfo@aimdigitalagency.com,scraped
Digital by Alex,"1026 Florin Rd Ste. 296, Sacramento, CA 95831, USA",(916) 237-7222,http://digitalbyalex.com/,"Sacramento, CA",digital marketing agency,proyectoweber+digitalbyalex.com@gmail.com,scraped
Quantum Leads,"1401 21st Street, Sacramento, CA 95811, USA",(707) 696-7640,https://quantum-leads.com/,"Sacramento, CA",lead generation agency,quantum@quantum-leads.com,scraped
Geokath Internet Advertising,"3061 Yarwood Way, Sacramento, CA 95833, USA",(909) 800-5616,https://geokath.com/,"Sacramento, CA",lead generation agency,geokath11@gmail.com,scraped
D Net Marketing,"624 Santa Ynez Way, Sacramento, CA 95816, USA",(916) 847-2377,https://dnetmarketing.com/,"Sacramento, CA",lead generation agency,duane@dnetmarketing.com,scraped
Lead Nurture Close Web Marketing,"8963 Haflinger Way, Elk Grove, CA 95757, USA",(916) 999-9230,https://leadnurtureclose.com/,"Sacramento, CA",lead generation agency,hello@leadnurtureclose.com,scraped
Golden Goose Marketing,"225 30th St #306, Sacramento, CA 95816, USA",(916) 619-0819,https://thegoldgoose.com/,"Sacramento, CA",lead generation agency,goldengoosemarketing1@gmail.com,scraped
SPEAAR LLC - Small Business Consultant & Coach,"2450 Venture Oaks Way #200, Sacramento, CA 95833, USA",(916) 693-5848,http://www.speaar.com/,"Sacramento, CA",sales consulting firm,info@speaar.com,scraped
TSS Consultants,"3339 McKinley Village Way, Sacramento, CA 95816, USA",(916) 601-0531,http://tssconsultants.com/,"Sacramento, CA",sales consulting firm,tmason@tssconsultants.com,scraped
"C&C Elite, Inc.","3550 Watt Ave Suite 135, Sacramento, CA 95821, USA",(916) 979-7667,http://cceliteinc.com/,"Sacramento, CA",sales consulting firm,hello@cceliteinc.com,scraped
"Mission Consulting, LLC","1610 R St Suite 300, Sacramento, CA 95811, USA",(916) 446-5624,http://www.missionconsulting.com/,"Sacramento, CA",sales consulting firm,info@missionconsulting.com,scraped
Earl Consulting Co LLC,"955 University Ave, Sacramento, CA 95825, USA",(916) 922-2188,http://earlcc.com/,"Sacramento, CA",sales consulting firm,info@earlcc.com,scraped
Bluelight,"1610 R St Suite 300, Sacramento, CA 95811, USA",(916) 345-2151,https://bluelight.co/,"Sacramento, CA",sales consulting firm,hello@bluelight.co,scraped
Fox Consulting Group LLC,"1215 K St Suite 1700, Sacramento, CA 95814, USA",(800) 908-3220,http://www.foxconsultinggroupllc.com/,"Sacramento, CA",sales consulting firm,info@foxconsultinggroupllc.com,scraped
Grounded Real Estate,"915 20th St, Sacramento, CA 95811, USA",(916) 905-2801,https://grounded.city/,"Sacramento, CA",real estate agency,info@grounded.city,scraped
Amen Real Estate,"6313 Elvas Ave, Sacramento, CA 95819, USA",(916) 218-4500,http://www.amenrealestate.com/,"Sacramento, CA",real estate agency,info@amenrealestate.com,scraped
Rico Rivera Realtor- Silicon East Real Estate,"1610 R St Suite 280, Sacramento, CA 95811, USA",(916) 254-8448,https://www.siliconeastrealestate.com/,"Sacramento, CA",real estate agency,rico@siliconeastrealestate.com,scraped
Red Dog Real Estate Agency - Best Realtors in Sacramento CA,"805 16th St, Sacramento, CA 95814, USA",(888) 332-3569,http://www.reddog.homes/,"Sacramento, CA",real estate agency,info@reddog.homes,scraped
Catricala Real Estate Group - Compass,"3330 Folsom Blvd STE C, Sacramento, CA 95816, USA",(916) 203-9690,https://www.reneecatricala.com/?utm_source=GMB&utm_medium=Organic&utm_campaign=GMB+Visit,"Sacramento, CA",real estate agency,renee@reneecatricala.com,scraped
Sacramento Real Estate Group,"3001 I St Ste. 200, Sacramento, CA 95816, USA",(916) 245-0562,https://www.sacramentorealestategroup.com/,"Sacramento, CA",real estate agency,markpatrickmcdonough@gmail.com,scraped
Dennis Elliott – Realtor,"4080 Truxel Rd #100, Sacramento, CA 95834, USA",(916) 573-1730,https://besthomesofsac.com/,"Sacramento, CA",real estate agency,delliotthomes@gmail.com,scraped
Nathan Sherman & Beth Christensen - Dunnigan Realtors Brother & Sister Team,"440 Santa Ynez Way, Sacramento, CA 95816, USA",(916) 969-7379,http://welcometoeastsac.com/,"Sacramento, CA",real estate agency,beth@welcometoeastsac.com,scraped
Homeology Real Estate @ Realty ONE Group,"2335 American River Dr STE 100, Sacramento, CA 95825, USA",(916) 252-5489,http://www.homeologyre.com/,"Sacramento, CA",real estate agency,info@homeologyre.com,scraped
BlakeHill Real Estate - Alex Blake & Max Hill (DRE 02189362),"53 Mossglen Cir, Sacramento, CA 95826, USA",(707) 592-0225,https://blakehillteam.com/,"Sacramento, CA",real estate agency,max@blakehillteam.com,scraped
"Goree and Thompson Real Estate, Inc","1810 S St, Sacramento, CA 95811, USA",(916) 601-7653,http://goreeandthompson.com/,"Sacramento, CA",real estate agency,info@goreeandthompson.com,scraped
Solectric,"3453 Ramona Ave #9, Sacramento, CA 95826, USA",(916) 719-0074,http://mysolectric.com/,"Sacramento, CA",solar company,info@mysolectric.com,scraped
"Aztec Solar, Inc.","11370 Trade Center Dr #3, Rancho Cordova, CA 95742, USA",(916) 853-2700,http://aztecsolar.com/?utm_source=gbp,"Sacramento, CA",solar company,info@aztecsolar.com,scraped
Capital City Solar,"111 Derek Pl, Roseville, CA 95678, USA",(916) 782-3333,https://www.capitalcitysolar.com/?utm_source=google&utm_medium=GMB,"Sacramento, CA",solar company,info@capitalcitysolar.com,scraped
AMECO Solar & Roofing,"400 Capitol Mall Ste 900, Sacramento, CA 95814, USA",(888) 695-1205,https://www.amecosolar.com/,"Sacramento, CA",solar company,info@amecosolar.com,scraped
California Renewable Energy,"2024 Opportunity Dr Suite 150, Roseville, CA 95678, USA",(888) 414-8002,http://care.green/,"Sacramento, CA",solar company,info@care.green,scraped
Sacramento Roofing Inc,"2775 Cottage Way #36, Sacramento, CA 95825, USA",(916) 579-2575,https://sacramento-roofing.com/,"Sacramento, CA",roofing company,sacramentoroofinginc@gmail.com,scraped
NorCal Roofing & Construction,"6111 Warehouse Way, Sacramento, CA 95826, USA",(916) 237-9616,http://www.norcalroofing.com/,"Sacramento, CA",roofing company,sales@norcalroofing.com,scraped
Los Reyes Roofing Inc,"2701 Cottage Way #31, Sacramento, CA 95815, USA",(916) 272-7606,http://losreyesroofinginc.net/,"Sacramento, CA",roofing company,losreyesroofinginc@gmail.com,scraped
Match Point Roofing Inc,"5224 Meadow Park Way, Sacramento, CA 95823, USA",(916) 598-2469,https://matchpointroofinginc.com/,"Sacramento, CA",roofing company,matchpointroofinginc@gmail.com,scraped
Cisco's Roofing,"8400 84th St, Sacramento, CA 95824, USA",(916) 731-8155,http://www.ciscosroofing.net/,"Sacramento, CA",roofing company,ciscosroofing@hotmail.com,scraped
Straight Line Roofing & Construction,"901 H St suite 201, Sacramento, CA 95814, USA",(530) 672-9995,https://www.straightlineconstruction.com/?UTM_source=GMB_listing&UTM_medium=organic,"Sacramento, CA",roofing company,office@straightlineconstruction.com,scraped
NRG Pros,"3280 Ramos Cir, Sacramento, CA 95827, USA",(916) 578-2643,https://www.nrg-pros.com/?utm_source=google&utm_medium=organic&utm_campaign=gmb,"Sacramento, CA",roofing company,info@nrg-pros.com,scraped
Powers Roof Service,"2457 Pinnacles Dr, Rocklin, CA 95677, USA",(916) 316-2700,http://www.powerstileroofrepair.com/,"Sacramento, CA",roofing company,tileroofrepair@gmail.com,scraped
Golden Bay Mortgage Group DRE# 01989440 & NMLS ID# 1403489,"3900 Lennane Dr STE 200, Sacramento, CA 95834, USA",(916) 469-3749,http://gbmortgagegroup.com/,"Sacramento, CA",mortgage broker,camvilla@gbmortgagegroup.com,scraped
West Coast Mortgage Group,"2716 Broadway, Sacramento, CA 95818, USA",(916) 453-7533,https://wcmtg.com/,"Sacramento, CA",mortgage broker,broadwayinfo@wcmtg.com,scraped
Green Haven Capital Inc.,"5890 S Land Park Dr, Sacramento, CA 95822, USA",(916) 476-6507,https://www.greenhavencap.com/,"Sacramento, CA",mortgage broker,info@greenhavencap.com,scraped
The Chris Kennedy Team at Reliant Lending,"2100 Northrop Ave STE 900, Sacramento, CA 95825, USA",(916) 794-0777,https://www.thechriskennedyteam.com/popular-loan-options-1,"Sacramento, CA",mortgage broker,chris@thechriskennedyteam.com,scraped
GFL Capital Mortgage,"1100 Corporate Way Suite 210, Sacramento, CA 95831, USA",(888) 557-8836,http://www.gflcapital.com/,"Sacramento, CA",mortgage broker,info@gflcapital.com,scraped
Matt the Mortgage Guy,"3600 American River Dr Suite 105, Sacramento, CA 95864, USA",(916) 529-7600,https://mtmg.com/,"Sacramento, CA",mortgage broker,matt@mtmg.com,scraped
New Way Mortgage,"1111 Howe Ave #510, Sacramento, CA 95825, USA",(916) 465-6639,http://newwaymortgage.com/,"Sacramento, CA",mortgage broker,hello@newwaymortgage.com,scraped
AFC Mortgage,"1424 21st Street, Sacramento, CA 95811, USA",(888) 210-9838,http://www.afc360.com/,"Sacramento, CA",mortgage broker,info@afc360.com,scraped
Mason-McDuffie Mortgage Corporation,"333 University Place Suite 200 #7, Sacramento, CA 95825, USA",(916) 929-2333,https://www.masonmac.com/sacramento-ca/,"Sacramento, CA",mortgage broker,info@masonmac.com,scraped
Towerpoint Wealth,"500 Capitol Mall #2060, Sacramento, CA 95814, USA",(916) 405-9140,https://www.towerpointwealth.com/?utm_source=gmb,"Sacramento, CA",financial advisor,info@towerpointwealth.com,scraped
Twin Rivers Wealth Management,"1783 Tribute Rd D, Sacramento, CA 95815, USA",(916) 545-2580,http://www.tr-wealth.com/,"Sacramento, CA",financial advisor,info@tr-wealth.com,scraped
Soesbe Financial,"5290 Elvas Ave, Sacramento, CA 95819, USA",(916) 587-5100,http://www.soesbefinancial.com/?gmb,"Sacramento, CA",financial advisor,info@soesbefinancial.com,scraped
Parkshore Wealth Management,"5940 Granite Lake Dr, Granite Bay, CA 95746, USA",(916) 797-3007,https://www.parkshorewealth.com/,"Sacramento, CA",financial advisor,invest@parkshorewealth.com,scraped
CFS Wealth Advisors,"5301 Madison Ave STE 302, Sacramento, CA 95841, USA",(916) 344-7884,https://www.cfswealthadvisors.com/,"Sacramento, CA",financial advisor,gregg@cfswealthadvisors.com,scraped
Boyd Wealth Management,"1545 River Park Dr #202, Sacramento, CA 95815, USA",(916) 367-0532,http://boyd-wealth.com/,"Sacramento, CA",financial advisor,info@boyd-wealth.com,scraped
Creative Planning,"4364 Town Center Blvd Suite 315, El Dorado Hills, CA 95762, USA",(866) 273-2848,https://creativeplanning.com/locations/sacramento-area/?utm_source=googlemybusiness&utm_medium=organic&utm_campaign=eldoradohills,"Sacramento, CA",financial advisor,info@creativeplanning.com,scraped
Braven Agency,"100 W Broadway, Long Beach, CA 90802, USA",(562) 826-3995,https://www.bravenagency.com/,"Long Beach, CA",marketing agency,hello@bravenagency.com,scraped
Ceemi Agency,"3700 Santa Fe Ave #220, Long Beach, CA 90810, USA",(424) 358-4420,http://www.ceemiagency.com/,"Long Beach, CA",marketing agency,info@ceemiagency.com,scraped
LHO & Co.,"2954 E 14th St, Long Beach, CA 90804, USA",(562) 232-4375,https://www.lhoandco.com/,"Long Beach, CA",marketing agency,info@lhoandco.com,scraped
Let's Bee Social,"1003 England St, Huntington Beach, CA 92646, USA",(714) 454-7041,http://letsbeesocial.com/,"Long Beach, CA",marketing agency,audrey@letsbeesocial.com,scraped
UPMAX - Digital Advertising Marketing Agency | Local SEO | Paid Advertising,"44 Bennett Ave, Long Beach, CA 90803, USA",(562) 548-7373,https://upmaxnow.com/?utm_source=google&utm_medium=organic&utm_campaign=gbp&utm_content=website_click,"Long Beach, CA",marketing agency,hello@upmaxnow.com,scraped
Vox Pop Branding,"1 World Trade Center #8th, Long Beach, CA 90831, USA",(562) 676-4342,http://www.voxpopbranding.com/,"Long Beach, CA",marketing agency,info@voxpopbranding.com,scraped
iZone Marketing,"111 W Ocean Blvd #1237, Long Beach, CA 90802, USA",(844) 554-9663,https://www.izonemarketing.com/,"Long Beach, CA",marketing agency,info@izonemarketing.com,scraped
plus3mm Creative LLC,"1 World Trade Center 8th Floor, Long Beach, CA 90831, USA",(424) 382-8158,https://plus3mm.com/,"Long Beach, CA",marketing agency,hello@plus3mm.com,scraped
Gente NOW: The Nation's Leader in Bilingual Lead Generation,"3711 Long Beach Blvd, Long Beach, CA 90807, USA",(877) 697-1130,https://www.gentenow.com/,"Long Beach, CA",lead generation agency,info@gentenow.com,scraped
"YOSD Consulting, LLC","1717 N Studebaker Rd, Long Beach, CA 90815, USA",(310) 612-0787,https://www.yosdconsulting.com/,"Long Beach, CA",sales consulting firm,info@yosdconsulting.com,scraped
Bond Consulting Services,"3450 E Spring St #108, Long Beach, CA 90806, USA",(562) 988-3451,http://www.bondconsultingservices.com/,"Long Beach, CA",sales consulting firm,talktothebcsteam@bondconsultingservices.com,scraped
BBSI Long Beach,"330 Golden Shore Ste 170, Long Beach, CA 90802, USA",(424) 295-7997,https://www.bbsi.com/locations/longbeach,"Long Beach, CA",sales consulting firm,info@bbsi.com,scraped
Sage Advisory Group,"3780 Kilroy Airport Way Ste 200-244, Long Beach, CA 90806, USA",(949) 630-5577,https://www.sageadvisors.biz/,"Long Beach, CA",sales consulting firm,info@sageadvisors.biz,scraped
Gill Consulting Services,"3828 Pine Ave, Long Beach, CA 90807, USA",(949) 400-4474,http://gillcs.com/contact.html,"Long Beach, CA",sales consulting firm,info@gillcs.com,scraped
Guillen Consulting,"420 Margo Ave, Long Beach, CA 90803, USA",(562) 556-5966,https://www.guillenconsulting.com/,"Long Beach, CA",sales consulting firm,info@guillenconsulting.com,scraped
Anderson Real Estate Group,"1650 Ximeno Ave #300, Long Beach, CA 90804, USA",(562) 669-4729,http://www.andersonreg.com/,"Long Beach, CA",real estate agency,info@andersonreg.com,scraped
Gia Silva - INTI Realty,"2126 E Broadway, Long Beach, CA 90803, USA",(562) 572-4978,http://intihomes.com/,"Long Beach, CA",real estate agency,gia@intihomes.com,scraped
Circle Real Estate,"3250 Airflite Way Suite 400, Long Beach, CA 90807, USA",(562) 521-9022,http://circlere.com/,"Long Beach, CA",real estate agency,info@circlere.com,scraped
"Beach Front Property Management, Inc.","1212 Long Beach Blvd, Long Beach, CA 90813, USA",(562) 981-7777,https://bfpminc.com/,"Long Beach, CA",real estate agency,info@bfpminc.com,scraped
Nancy Deprez,"5536 2nd St, Long Beach, CA 90803, USA",(310) 739-8272,https://thebestbeachhomes.com/?utm_source=gbp&utm_medium=organic,"Long Beach, CA",real estate agency,nancydeprezteam@gmail.com,scraped
The Shannon Jones Team,"5222 E Los Altos Plaza Suite B, Long Beach, CA 90815, USA",(562) 896-2456,http://www.showmehome.com/,"Long Beach, CA",real estate agency,info@showmehome.com,scraped
P R Real Estate,"2883 E Spring St #100, Long Beach, CA 90815, USA",(562) 234-7862,https://www.prrealestategroup.com/,"Long Beach, CA",real estate agency,assistantexecpr@gmail.com,scraped
Costanza Genoese Zerbi & Associates – Real Estate Team,"1650 Ximeno Ave #300, Long Beach, CA 90804, USA",(562) 221-4527,https://costanzagz.com/,"Long Beach, CA",real estate agency,costanza@costanzagz.com,scraped
Javier Alvarez | Alvarez Real Estate Group,"3250 Airflite Way Suite 400, Long Beach, CA 90807, USA",(562) 318-4021,https://circlere.com/team/javier-alvarez,"Long Beach, CA",real estate agency,info@circlere.com,scraped
"Kelly Williams Insurance Agency, Inc.","4400 CA-1, Long Beach, CA 90804, USA",(562) 498-8661,https://www.kellywilliamsins.com/,"Long Beach, CA",insurance agency,info@kellywilliamsins.com,scraped
Long Beach Insurance Services,"2316 E 7th St, Long Beach, CA 90804, USA",(562) 439-0244,http://www.longbeachinsserv.com/,"Long Beach, CA",insurance agency,info@longbeachinsserv.com,scraped
A-MAX Insurance,"325 E Anaheim St, Long Beach, CA 90813, USA",(562) 216-7888,https://www.amaxinsurance.com/find-an-office/long-beach?utm_source=google&utm_medium=organic&utm_campaign=gmb,"Long Beach, CA",insurance agency,kiest@amaxinsurance.com,scraped
Fiesta Auto Insurance & Tax Service,"2340 E Pacific Coast Hwy d, Long Beach, CA 90804, USA",(562) 597-5393,https://fiestainsurance.com/stores/fiesta-insurance-and-tax-long-beach-california-ca001/,"Long Beach, CA",insurance agency,fiestaca001@fiestainsurance.com,scraped
Barua Insurance,"1310 Pine Ave d, Long Beach, CA 90813, USA",(562) 273-3989,https://www.baruainsurance.com/,"Long Beach, CA",insurance agency,baruainsurance@gmail.com,scraped
Fiesta Auto Insurance & Tax Service,"1366 W Willow St, Long Beach, CA 90810, USA",(562) 269-5500,https://fiestainsurance.com/stores/fiesta-insurance-and-tax-long-beach-california-ca161/,"Long Beach, CA",insurance agency,fiestaca161@fiestainsurance.com,scraped
Hershfield Insurance,"4401 Atlantic Blvd Bixby, Business Center, 2nd Floor, Long Beach, CA 90807, USA",(866) 996-9760,https://www.hershfieldins.com/,"Long Beach, CA",insurance agency,info@hershfieldins.com,scraped
Halili Hilltop Insurance Agency,"2725 Pacific Coast Hwy Suite 101, Signal Hill, CA 90755, USA",(562) 343-7301,http://hilltop-insurance.com/,"Long Beach, CA",insurance agency,info@hilltop-insurance.com,scraped
Aum Energy Group,"100 Oceanfront Floor 12, Long Beach, CA 90802, USA",(833) 248-3417,https://www.aumenergygroup.com/,"Long Beach, CA",solar company,info@aumenergygroup.com,scraped
So Cal Solar Shine LLC,"4551 Montair Ave Apt C30, Long Beach, CA 90808, USA",(562) 234-3677,https://scsolarshine.com/,"Long Beach, CA",solar company,info@scsolarshine.com,scraped
Mario Castillo Electric,"444 W Ocean Blvd #800, Long Beach, CA 90802, USA",(562) 273-4660,https://mariocastilloelectric.com/?utm_source=google&utm_medium=organic&utm_campaign=gbp,"Long Beach, CA",solar company,sales@mariocastilloelectric.com,scraped
Mr. Solar Clean,"1714 E Balard St, Carson, CA 90745, USA",(310) 427-1091,https://mrsolarclean.com/,"Long Beach, CA",solar company,support@mrsolarclean.com,scraped
Evergreen Solar and Home Battery,"5122 Bolsa Ave Unit 111, Huntington Beach, CA 92649, USA",(714) 722-0468,http://www.evergreen-solar.net/,"Long Beach, CA",solar company,bryan@evergreen-solar.net,scraped
Renewable USA,"2815 Junipero Ave UNIT 115, Signal Hill, CA 90755, USA",(888) 416-1415,https://www.renewableusa.com/,"Long Beach, CA",solar company,info@renewableusa.com,scraped
Terravan Solar,"235 E Broadway, Long Beach, CA 90802, USA",(562) 269-4728,http://terravansolar.com/,"Long Beach, CA",solar company,info@terravansolar.com,scraped
"Long Beach Roofing, Inc.","1920 Obispo Ave, Signal Hill, CA 90755, USA",(562) 220-2300,http://www.longbeachroofing.com/,"Long Beach, CA",roofing company,sales@longbeachroofing.com,scraped
Swell Roofing Inc,"6801 E 11th St, Long Beach, CA 90815, USA",(562) 751-2090,https://swellroofing.com/,"Long Beach, CA",roofing company,swellroof@gmail.com,scraped
Golem Roofing,"4126 E Ransom St, Long Beach, CA 90804, USA",(562) 991-8165,https://golemroofing.com/,"Long Beach, CA",roofing company,info@golemroofing.com,scraped
AHR Company,"5951 Cherry Ave, Long Beach, CA 90805, USA",(562) 422-1183,https://www.ahrco.info/,"Long Beach, CA",roofing company,ahrcoroofing@gmail.com,scraped
Matt Mayo - Long Beach Mortgage Broker,"1650 Ximeno Ave #210, Long Beach, CA 90804, USA",(562) 240-9803,https://mortgagemayo.com/,"Long Beach, CA",mortgage broker,matt@mortgagemayo.com,scraped
Crush Mortgage,"3750 Schaufele Ave Suite 270A, Long Beach, CA 90808, USA",(562) 317-6112,http://www.crushmortgage.com/,"Long Beach, CA",mortgage broker,info@crushmortgage.com,scraped
Tom McMurray - Karbon Financial,"3020 Old Ranch Pkwy #300, Seal Beach, CA 90740, USA",(714) 909-1981,https://karbonfinancial.com/,"Long Beach, CA",mortgage broker,info@karbonfinancial.com,scraped
HomeSmart Advisors,"555 Anton Blvd Ste 383, Costa Mesa, CA 92626, USA",(949) 209-7667,http://www.homesmartadvisors.com/,"Long Beach, CA",mortgage broker,aramirez@homesmartadvisors.com,scraped
B Squared Funding,"1100 E 3rd St #204, Long Beach, CA 90802, USA",(949) 378-0829,http://www.bsquaredfunding.com/,"Long Beach, CA",mortgage broker,babak@bsquaredfunding.com,scraped
1781 Lending,"2883 E Spring St Suite 200B, Long Beach, CA 90806, USA",(714) 740-0345,http://www.1781lending.com/,"Long Beach, CA",mortgage broker,info@1781lending.com,scraped
Chenine Lozano - The Real Estate Finance Expert,"13001 Seal Beach Blvd #210, Seal Beach, CA 90740, USA",(562) 620-7662,http://cheninelozano.com/,"Long Beach, CA",mortgage broker,chenine@cheninelozano.com,scraped
Jorge Hernandez at Rate (NMLS #269284),"3780 Kilroy Airport Way Suite 200 Office 49, Long Beach, CA 90806, USA",(714) 868-5859,https://www.rate.com/jorgehernandez?utm_source=google&utm_medium=organic&utm_campaign=yext&utm_content=17230&adtrk=%7Cseo%7Cgoogle%7Cyext%7C17230%7C,"Long Beach, CA",mortgage broker,customercare@rate.com,scraped
Wealth Management Financial Advisors,"3701 Long Beach Blvd #100, Long Beach, CA 90807, USA",(562) 427-8877,http://www.wealthmanagementlb.com/,"Long Beach, CA",financial advisor,info@wealthmanagementlb.com,scraped
Randall Wealth Management Group,"3780 Kilroy Airport Way #200, Long Beach, CA 90806, USA",(562) 552-3367,https://www.randallwealthgroup.com/?utm_source=gmb&utm_medium=organic&utm_campaign=local_listing,"Long Beach, CA",financial advisor,trandall@randallwealthgroup.com,scraped
Serenity Wealth Management,"444 W Ocean Blvd Suite 1402, Long Beach, CA 90802, USA",(213) 509-8245,http://serenitywealthmanagement.com/,"Long Beach, CA",financial advisor,curtis@serenitywealthmanagement.com,scraped
"Edward Jones - Financial Advisor: Norm Cauntay, CFP®|CEPA®|AAMS®|ADPA®|CRPS™","3780 Kilroy Airport Way Suite 810, Long Beach, CA 90806, USA",(562) 988-8542,https://www.edwardjones.com/us-en/financial-advisor/norm-cauntay?y_source=1_OTY3NzYwLTcxNS1sb2NhdGlvbi53ZWJzaXRl,"Long Beach, CA",financial advisor,kate.johnson@edwardjones.com,scraped
"Edward Jones - Financial Advisor: Sofian Haikal, CFA®","3780 Kilroy Airport Way Suite 810, Long Beach, CA 90806, USA",(310) 426-9681,https://www.edwardjones.com/us-en/financial-advisor/sofian-haikal?y_source=1_MTM5MjcyNy03MTUtbG9jYXRpb24ud2Vic2l0ZQ%3D%3D,"Long Beach, CA",financial advisor,kate.johnson@edwardjones.com,scraped
LA Wealth Management,"100 W Broadway Suite #3000, Long Beach, CA 90802, USA",(424) 450-7435,https://www.lawealthmanagement.com/,"Long Beach, CA",financial advisor,schedule@lawealthmanagement.com,scraped
William Allan Investment Advisors,"100 Oceangate #1200, Long Beach, CA 90802, USA",(800) 677-5309,https://www.willallan.com/,"Long Beach, CA",financial advisor,info@willallan.com,scraped
"Edward Jones - Financial Advisor: Nailah Khan, CRPC™","202 Argonne Ave suite a, Long Beach, CA 90803, USA",(562) 786-5737,https://www.edwardjones.com/us-en/financial-advisor/nailah-khan?y_source=1_MTIwMzU4NDMtNzE1LWxvY2F0aW9uLndlYnNpdGU%3D,"Long Beach, CA",financial advisor,nailah.khan@edwardjones.com,scraped
"Edward Jones - Financial Advisor: Monica Dickson, CFP®","111 W Ocean Blvd #1010, Long Beach, CA 90802, USA",(562) 429-3868,https://www.edwardjones.com/us-en/financial-advisor/monica-dickson?y_source=1_Mjg1NzUwMi03MTUtbG9jYXRpb24ud2Vic2l0ZQ%3D%3D,"Long Beach, CA",financial advisor,monica.dickson@edwardjones.com,scraped
Scalco Financial,"207 E Broadway UNIT 201, Long Beach, CA 90802, USA",(562) 430-3780,http://scalcofinancial.com/,"Long Beach, CA",financial advisor,service@scalcofinancial.com,scraped
"Edward Jones - Financial Advisor: Cassandra Alvarez, CRPS™","3780 Kilroy Airport Way Suite 810, Long Beach, CA 90806, USA",(562) 442-4012,https://www.edwardjones.com/us-en/financial-advisor/cassandra-alvarez?y_source=1_MTIzNjEwNTgtNzE1LWxvY2F0aW9uLndlYnNpdGU%3D,"Long Beach, CA",financial advisor,kate.johnson@edwardjones.com,scraped
"Goldman Lancaster, Inc.","301 E Ocean Blvd #1150, Long Beach, CA 90802, USA",(562) 432-0234,http://www.goldmanlancaster.com/,"Long Beach, CA",financial advisor,info@goldmanlancaster.com,scraped
Indigo Social Media Marketing,"2744 E 11th St, Oakland, CA 94601, USA",(415) 233-7727,http://www.indigosocialmediamarketing.com/,"Oakland, CA",marketing agency,info@indigosocialmediamarketing.com,scraped
510media,"371 3rd St, Oakland, CA 94607, USA",(510) 532-2000,http://www.510media.com/,"Oakland, CA",marketing agency,hello@510media.com,scraped
USA Marketing,"680 4th St, Oakland, CA 94607, USA",(510) 251-8500,http://www.usamktg.com/,"Oakland, CA",marketing agency,customerservice@usamktg.com,scraped
State Creative,"1300 Clay St Suite 668, Oakland, CA 94612, USA",(510) 842-3826,https://statecreative.com/,"Oakland, CA",marketing agency,connect@statecreative.com,scraped
Alameda Internet Marketing,"1150 Ballena Blvd #102, Alameda, CA 94501, USA",(510) 217-8490,https://alamedaim.com/,"Oakland, CA",marketing agency,sales@alamedaim.com,scraped
LQ Digital,"1700 Broadway Suite 6th Floor, Oakland, CA 94607, USA",(800) 670-3515,https://www.lqdigital.com/?utm_source=google&utm_medium=organic&utm_campaign=gmb&utm_term=cali,"Oakland, CA",marketing agency,info@lqdigital.com,scraped
Reverence Global,"2323 Broadway, Oakland, CA 94612, USA",(510) 473-6183,https://www.reverenceglobal.com/,"Oakland, CA",marketing agency,innovate@reverenceglobal.com,scraped
Rightpoint,"1611 Telegraph Ave Suite 1550, Oakland, CA 94612, USA",(415) 935-3390,https://www.rightpoint.com/,"Oakland, CA",marketing agency,contact@rightpoint.com,scraped
Agent Hi5 Marketing,"785 60th St Suite 4, Oakland, CA 94609, USA",(510) 722-0902,http://agenthi5.com/,"Oakland, CA",digital marketing agency,info@agenthi5.com,scraped
James Jordan Marketing,"876 Aileen St, Oakland, CA 94608, USA",(510) 917-8096,https://jamesjordanmarketing.com/,"Oakland, CA",digital marketing agency,info@jamesjordanmarketing.com,scraped
LevelUp Leads,"3595 Powell Dr, Lafayette, CA 94549, USA",(925) 257-4213,https://levelupleads.io/,"Oakland, CA",lead generation agency,john@levelupleads.io,scraped
Chabot Business Solutions,"1271 Washington Ave #721, San Leandro, CA 94577, USA",(510) 221-6443,https://chabotbusinesssolutions.com/?utm_source=google&utm_medium=organic&utm_campaign=gbp,"Oakland, CA",lead generation agency,info@chabotbusinesssolutions.com,scraped
"Interact (The Quiz Collective, Inc.)","1625 Broadway, Oakland, CA 94612, USA",,https://www.tryinteract.com/,"Oakland, CA",lead generation agency,contact@tryinteract.com,scraped
Listings-To-Leads,"9580 Oak Ave Pkwy Ste. 7-127, Folsom, CA 95630, USA",(888) 508-8322,https://www.listingstoleads.com/,"Oakland, CA",lead generation agency,support@listingstoleads.com,scraped
"Piedmont Avenue Consulting, Inc.","3873 Piedmont Ave #2, Oakland, CA 94611, USA",(510) 761-5895,http://www.piedmontave.com/,"Oakland, CA",sales consulting firm,info@piedmontave.com,scraped
ADACI,"660 13th St Suite 202, Oakland, CA 94612, USA",(858) 859-2322,http://www.myadaci.com/,"Oakland, CA",sales consulting firm,bigal@myadaci.com,scraped
Liberty Group,"411 30th St Second Floor, Oakland, CA 94609, USA",(510) 658-1880,https://libertygroupllc.com/locations-oakland-financial-services/,"Oakland, CA",sales consulting firm,info@libertygroupllc.com,scraped
Kruze Consulting,"600 California St 13th Floor, San Francisco, CA 94108, USA",(415) 322-1610,https://kruzeconsulting.com/,"Oakland, CA",sales consulting firm,support@kruzeconsulting.com,scraped
Nacila Business Consultants,"1440 Broadway Ste 200 #1082, Oakland, CA 94612, USA",(510) 698-2570,http://www.nacilabusinessconsulting.com/,"Oakland, CA",sales consulting firm,info@nacilabusinessconsulting.com,scraped
"Kayla Viola - REALTOR and Founder of Mirror Real Estate - Residential Real Estate Agent in Concord, CA","1901 Harrison St Ste 1100, Oakland, CA 94612, USA",(925) 586-6986,https://themirrorteam.com/,"Oakland, CA",real estate agency,info@themirrorteam.com,scraped
Cush Real Estate,"4193 Park Blvd, Oakland, CA 94602, USA",(510) 398-1992,https://www.cushrealestate.com/,"Oakland, CA",real estate agency,hello@cushrealestate.com,scraped
Mirror Real Estate,"1901 Harrison St Ste 1100, Oakland, CA 94612, USA",(415) 515-1121,http://themirrorteam.com/,"Oakland, CA",real estate agency,info@themirrorteam.com,scraped
Red Oak Realty,"6450 Moraga Ave, Oakland, CA 94611, USA",(510) 292-2000,http://www.redoakrealty.com/,"Oakland, CA",real estate agency,hello@redoakrealty.com,scraped
The Grubb Company,"1960 Mountain Blvd, Oakland, CA 94611, USA",(510) 339-0400,https://www.grubbco.com/,"Oakland, CA",real estate agency,tlee@grubbco.com,scraped
Soodo Real Estate,"4937 Telegraph Ave A, Oakland, CA 94609, USA",,http://www.soodo.us/,"Oakland, CA",real estate agency,info@soodo.us,scraped
VARNELL OWENS,"5942 MacArthur Blvd, Oakland, CA 94605, USA",(510) 336-9200,https://www.homesnap.com/VARNELL-OWENS/gmb2,"Oakland, CA",real estate agency,support@homesnap.com,scraped
California Pacific Realty,"1901 Harrison St Ste 1100, Oakland, CA 94612, USA",(510) 200-8670,https://californiapacificrealty.com/,"Oakland, CA",real estate agency,info@californiapacificrealty.com,scraped
Abio Properties | Oakland Office,"4200 Broadway, Oakland, CA 94611, USA",(888) 400-2246,https://abioproperties.com/,"Oakland, CA",real estate agency,hello@abioproperties.com,scraped
Khidir Insurance Agency,"3114 San Pablo Ave, Oakland, CA 94608, USA",(510) 227-6520,https://khidirinsuranceagency.com/,"Oakland, CA",insurance agency,info@khidirinsuranceagency.com,scraped
"avail insurance solutions, inc - independent insurance broker","6023 College Ave, Oakland, CA 94618, USA",(510) 595-6600,https://www.askavail.com/,"Oakland, CA",insurance agency,solutions@askavail.com,scraped
Fiesta Auto Insurance & Tax Service,"4102 International Blvd, Oakland, CA 94601, USA",(510) 261-1300,https://fiestainsurance.com/stores/fiesta-insurance-and-tax-oakland-california-ca099/,"Oakland, CA",insurance agency,fiestaca099@fiestainsurance.com,scraped
Fiesta Auto Insurance & Tax Service,"646 Hegenberger Rd Suite D, Oakland, CA 94621, USA",(510) 629-9979,https://fiestainsurance.com/stores/fiesta-insurance-and-tax-oaklandcalifornia-ca201/,"Oakland, CA",insurance agency,fiestaca201@fiestainsurance.com,scraped
Fiesta Auto Insurance & Tax Service,"10507 International Blvd ste b, Oakland, CA 94603, USA",(510) 261-1300,https://fiestainsurance.com/stores/fiesta-insurance-and-tax-oakland-california-ca122/,"Oakland, CA",insurance agency,fiestaca122@fiestainsurance.com,scraped
Concise Solutions Insurance Services,"3349 International Blvd, Oakland, CA 94601, USA",(510) 534-6293,http://www.conciseinsurance.com/,"Oakland, CA",insurance agency,bilal@conciseinsurance.com,scraped
GRID Alternatives,"1171 Ocean Ave UNIT 200, Oakland, CA 94608, USA",(510) 731-1310,http://www.gridalternatives.org/,"Oakland, CA",solar company,service@gridalternatives.org,scraped
General Roofing Co.,"3309 Elmwood Ave, Oakland, CA 94601, USA",(510) 536-3356,https://generalroof.com/,"Oakland, CA",roofing company,contact@generalroof.com,scraped
Nova Roofing Oakland,"2617 International Blvd, Oakland, CA 94601, USA",(510) 879-5160,https://novaroofing.org/,"Oakland, CA",roofing company,coastlinetree@gmail.com,scraped
Leon Brothers Roofing Company,"1215 23rd Ave, Oakland, CA 94606, USA",(510) 935-2316,http://leonroofingcompany.com/,"Oakland, CA",roofing company,leon.roofing84@gmail.com,scraped
GTM Roofing Services LLC,"8810 MacArthur Blvd, Oakland, CA 94605, USA",(415) 501-9917,http://www.gtmroofingservicesllc.com/,"Oakland, CA",roofing company,gt502roofing@gmail.com,scraped
IB Roofing,"900 75th Ave, Oakland, CA 94621, USA",(510) 472-8828,https://www.ibroofinginc.com/,"Oakland, CA",roofing company,ibroofinginc@yahoo.com,scraped
Berkeley Roof Services,"2700 E 7th St, Oakland, CA 94601, USA",(510) 524-2352,http://berkeleyroofservices.com/,"Oakland, CA",roofing company,info@berkeleyroofservices.com,scraped
Elim Roofing Contractors Oakland,"1233 31st Ave, Oakland, CA 94601, USA",(510) 355-8884,http://elimroofingoakland.top/,"Oakland, CA",roofing company,info@elimroofingoakland.top,scraped
Brady Thomas | LaSalle Mortgage - NMLS #396946,"4200 Broadway Suite 2, Oakland, CA 94611, USA",(510) 501-0504,https://lasallemortgage.com/brady-thomas/,"Oakland, CA",mortgage broker,hello@lasallemortgage.com,scraped
LaSalle Mortgage,"4200 Broadway Suite 2, Oakland, CA 94611, USA",(510) 339-4300,https://www.lasallemortgage.com/,"Oakland, CA",mortgage broker,hello@lasallemortgage.com,scraped
Fresh Home Loan Inc - Independent Mortgage Brokers - Garrick Werdmuller,"1151 Harbor Bay Pkwy #136, Alameda, CA 94502, USA",(510) 282-5456,http://www.freshhomeloan.com/,"Oakland, CA",mortgage broker,garrick@freshhomeloan.com,scraped
Levias Lending LLC,"5608 Shattuck Ave., Oakland, CA 94609, USA",(510) 929-7234,https://www.leviasloans.com/,"Oakland, CA",mortgage broker,stephen@leviasloans.com,scraped
Brenda Wyatt,"4200 Broadway Suite 2, Oakland, CA 94611, USA",(510) 761-7071,https://lasallemortgage.com/brenda-wyatt/,"Oakland, CA",mortgage broker,hello@lasallemortgage.com,scraped
"Patricia N. Harkins, Broker-Owner at GSME | NMLS 296489","6737 Skyview Dr, Oakland, CA 94605, USA",(415) 516-6822,http://www.gsme.biz/,"Oakland, CA",mortgage broker,info@gsme.biz,scraped
"Mit Mann, Mortgage Broker, California Real Estate Services (CRES)","2411 Santa Clara Ave Suite 1, Alameda, CA 94501, USA",(510) 562-2444,http://creshome.com/,"Oakland, CA",mortgage broker,broker@creshome.com,scraped
Modern Family Finance,"1999 Harrison St #1800, Oakland, CA 94612, USA",(415) 295-6206,http://www.modernfamilyfinance.com/,"Oakland, CA",financial advisor,hello@modernfamilyfinance.com,scraped
"Edward Jones - Financial Advisor: Benjamin Blake, CFP®|CAP®","5330 College Ave Suite 230, Oakland, CA 94618, USA",(510) 851-9064,https://www.edwardjones.com/us-en/financial-advisor/benjamin-blake?y_source=1_NDE3NjQ3Ni03MTUtbG9jYXRpb24ud2Vic2l0ZQ%3D%3D,"Oakland, CA",financial advisor,diane.rico@edwardjones.com,scraped
Ella Financial Advising LLC,"5237 College Ave, Oakland, CA 94618, USA",(510) 324-9487,https://www.ellafinancialadvising.com/,"Oakland, CA",financial advisor,ella@ellafinancialadvising.com,scraped
Matthews Financial & insurance Solutions,"2100 Embarcadero E #105, Oakland, CA 94606, USA",(510) 288-3268,http://mfis.biz/,"Oakland, CA",financial advisor,info@mfis.biz,scraped
LampPost Planning,"20 Knoll Ridge Way Suite 2, Oakland, CA 94619, USA",(510) 992-4000,https://lamppostplanning.com/,"Oakland, CA",financial advisor,advice@lamppostplanning.com,scraped
Lula Financial,"66 Franklin St 3rd Floor, Oakland, CA 94607, USA",(415) 637-5087,http://www.lulafinancial.com/,"Oakland, CA",financial advisor,amie@lulafinancial.com,scraped
First & Main Financial Planners: Financial Advisor - East Bay Area / Piedmont CA,"235 Wildwood Ave, Piedmont, CA 94610, USA",(510) 601-1935,http://www.firstandmainfinancial.com/,"Oakland, CA",financial advisor,ew@firstandmainfinancial.com,scraped
Infinity Financial Services,"212 9th St STE 202, Oakland, CA 94607, USA",(510) 588-8000,http://www.infinitysecurities.com/,"Oakland, CA",financial advisor,info@infinitysecurities.com,scraped
Marin Wealth Advisors LLC Oakland,"1901 Harrison St Ste 1100, Oakland, CA 94612, USA",(510) 217-8100,http://www.marinwealthadvisors.com/,"Oakland, CA",financial advisor,rch@marinwealthadvisors.com,scraped
Tiffany Groode Financial,"1939 Harrison St Suite 908, Oakland, CA 94612, USA",(510) 969-0866,https://www.tiffanygroode.com/,"Oakland, CA",financial advisor,tiffany@tiffanygroode.com,scraped
"INFINI Marketing - Web Design, SEO, Digital Ads & Branding","5718 Westheimer Rd Suite 1103, Houston, TX 77057, USA",(832) 402-7840,https://www.infinimarketing.com/?utm_campaign=gmb,"Houston, TX",marketing agency,dev@infinimarketing.com,scraped
Symphony Advertising,"401 Franklin St Suite 2400 - 149, Houston, TX 77002, USA",(281) 767-8984,https://symphonyadvertising.com/,"Houston, TX",marketing agency,contact@symphonyadvertising.com,scraped
Qing Agency - Digital marketing agency in Houston,"2700 Post Oak Blvd 23rd Floor, Houston, TX 77057, USA",(832) 242-3518,http://www.qingagency.com/,"Houston, TX",marketing agency,info@qingagency.com,scraped
Illumination Marketing & SEO Company,"118 Vintage Park Blvd Suite 717, Houston, TX 77070, USA",(832) 753-6124,http://www.marketingillumination.com/?utm_source=google&utm_medium=organic&utm_campaign=gbp,"Houston, TX",marketing agency,info@marketingillumination.com,scraped
ITVibes - Digital Marketing Agency,"25307 I-45 Suite 140, The Woodlands, TX 77380, USA",(281) 306-5520,https://www.itvibes.com/,"Houston, TX",marketing agency,info@itvibes.com,scraped
CKO Digital Website & Marketing Agency,"3417 Mercer St Suite G, Houston, TX 77027, USA",(832) 552-3190,https://www.ckodigital.com/,"Houston, TX",marketing agency,contact@ckodigital.com,scraped
True Digital Marketing Inc,"10333 Harwin Dr. Ste.#320, Houston, TX 77036, USA",(832) 934-4436,http://www.truedigitalmktg.com/,"Houston, TX",marketing agency,info@truedigitalmktg.com,scraped
Local Spear Leads,"6201 Ranchester Dr APT 17, Houston, TX 77036, USA",(832) 400-3121,https://www.localspearleads.com/,"Houston, TX",lead generation agency,info@localspearleads.com,scraped
Success Headway - Digital Marketing Solutions,"5019 Lillian St, Houston, TX 77007, USA",(832) 789-6263,https://successheadway.com/,"Houston, TX",lead generation agency,hello@successheadway.com,scraped
Ascendly Marketing and Website Design,"24 Greenway Plz Suite 1800, Houston, TX 77046, USA",(832) 509-3391,https://ascendlymarketing.com/marketing-agency-houston/?utm_source=Google&utm_medium=Local+SEO&utm_campaign=GBP+Houston,"Houston, TX",lead generation agency,info@ascendlymarketing.com,scraped
Small Screen Producer,"1320 McGowen St, Houston, TX 77004, USA",(281) 569-4370,https://www.smallscreenproducer.com/,"Houston, TX",lead generation agency,info@smallscreenproducer.com,scraped
STC Consulting,"2519 Robinhood St #2, Houston, TX 77005, USA",(346) 227-2895,https://www.soledadtanner.com/,"Houston, TX",sales consulting firm,soledad@soledadtanner.com,scraped
BrightMind Consulting Group,"2339 Commerce St suite 183, Houston, TX 77002, USA",(713) 844-8526,https://brightmindconsultinggroup.com/,"Houston, TX",sales consulting firm,info@brightmindconsultinggroup.com,scraped
Caridas Consulting International,"5850 San Felipe St Suite 500, Houston, TX 77057, USA",(713) 305-0171,https://flowmanagement.net/,"Houston, TX",sales consulting firm,ecaridas@flowmanagement.net,scraped
State Sales Tax Consulting LLC,"6960 Bellaire Blvd #1212, Houston, TX 77074, USA",(713) 298-8804,http://www.statesalestaxconsulting.com/,"Houston, TX",sales consulting firm,info@statesalestaxconsulting.com,scraped
Advue Consulting Group,"1001 W Loop S Suite 810, Houston, TX 77027, USA",(832) 387-0590,https://advueconsulting.com/,"Houston, TX",sales consulting firm,info@advueconsulting.com,scraped
Ventura Consulting Solutions LLC,"708 Main St, Houston, TX 77002, USA",(832) 789-8848,https://venturaconsultingsolutions.com/,"Houston, TX",sales consulting firm,info@venturaconsultingsolutions.com,scraped
"ERGOS IT Services - Houston, TX","6110 Clarkson Ln, Houston, TX 77055, USA",(713) 621-9220,https://ergos.com/houston-tx/,"Houston, TX",sales consulting firm,info@ergos.com,scraped
"ICON Consultants, LP","100 Waugh Dr, Houston, TX 77007, USA",(713) 438-0919,https://www.iconconsultants.com/,"Houston, TX",sales consulting firm,stars@iconconsultants.com,scraped
"Octagon Consulting, LLC","2327 Commerce St Suite 100-B, Houston, TX 77002, USA",(281) 885-7782,http://octagonhr.com/,"Houston, TX",sales consulting firm,info@octagonhr.com,scraped
TruView Business Advisors,"1801 Main St suite 1300, Houston, TX 77002, USA",(713) 280-3600,http://www.truviewbusiness.com/,"Houston, TX",sales consulting firm,info@truviewbusiness.com,scraped
Women CEO Project,"1301 Anita St, Houston, TX 77004, USA",,http://www.womenceoproject.com/,"Houston, TX",sales consulting firm,info@womenceoproject.com,scraped
Houston Properties Team,"5718 Westheimer Rd Suite 1000, Houston, TX 77057, USA",(713) 425-4194,http://houstonproperties.com/,"Houston, TX",real estate agency,pmartin@houstonproperties.com,scraped
Houston Broker Team,"1220 Augusta Dr Ste 300, Houston, TX 77057, USA",(713) 494-8170,http://www.houstonbroker.com/,"Houston, TX",real estate agency,daniela.antelo@houstonbroker.com,scraped
Cesar Espinoza Realtor/ Equity Houston,"13831 Northwest Fwy Suite 200, Houston, TX 77040, USA",(713) 489-7372,http://www.equityhouston.com/?utm_campaign=gmb,"Houston, TX",real estate agency,cesar@equityhouston.com,scraped
"Jennifer Yoingco, REALTOR - Houston Real Estate","15420 Ridge Park Dr, Houston, TX 77095, USA",(346) 517-7555,https://houstonsuburb.com/?utm_source=GBP&utm_medium=organic&utm_campaign=office,"Houston, TX",real estate agency,thehoustonsuburbgroup@gmail.com,scraped
Bernstein Realty,"9575 Katy Fwy #205, Houston, TX 77024, USA",(713) 932-1032,http://www.bernsteinrealty.com/,"Houston, TX",real estate agency,info@bernsteinrealty.com,scraped
Shawn Manderscheid Team,"638 Heights Blvd, Houston, TX 77007, USA",(832) 753-4242,http://www.realestatehouston.com/?utm_source=GoogleMyBusiness&utm_medium=organic,"Houston, TX",real estate agency,shawn@realestatehouston.com,scraped
Norhill Realty,"617 W 19th St, Houston, TX 77008, USA",(713) 869-5700,https://norhillrealty.com/?utm_id=gmb_org_0031_2024&utm_source=gmb&utm_medium=organic_search&utm_campaign=gmb_listing&utm_content=profile_link,"Houston, TX",real estate agency,mark@norhillrealty.com,scraped
Energy Realty | Houston Real Estate Experts,"1111 Eldridge Pkwy Ste 200, Houston, TX 77077, USA",(281) 679-6266,https://energy-realty.com/,"Houston, TX",real estate agency,info@energy-realty.com,scraped
The Vanguard Insurance Agency,"1225 N Loop W suite 322, Houston, TX 77008, USA",(281) 453-8770,http://www.vanguardagencyllc.com/,"Houston, TX",insurance agency,heidi@vanguardagencyllc.com,scraped
Bikini Insurance,"5715 Airline Dr B, Houston, TX 77076, USA",(713) 695-7400,http://www.misegurodeauto.com/,"Houston, TX",insurance agency,info@misegurodeauto.com,scraped
TIA- Texas Insurance Agency,"5805 Bellaire Blvd suite b, Houston, TX 77081, USA",(713) 893-3433,https://gettia.com/texas-insurance-agency-1004/,"Houston, TX",insurance agency,cquotes@gettia.com,scraped
Paga-Menos Insurance,"5901 Bellaire Blvd Ste C, Houston, TX 77081, USA",(832) 804-9286,https://www.segurosenhouston.com/,"Houston, TX",insurance agency,info@segurosenhouston.com,scraped
"Pasadena Insurance Agency, Inc.","99 Detering St #280, Houston, TX 77007, USA",(713) 869-6991,http://www.pasins.com/,"Houston, TX",insurance agency,sales@pasins.com,scraped
Associated Insurance Managers,"11111 Katy Fwy #120, Houston, TX 77079, USA",(713) 365-8400,https://www.aimins.net/,"Houston, TX",insurance agency,info@aimins.net,scraped
"Allwin Insurance Agency - Affordable Health Insurance, Business, Home and Auto Insurance in Houston","9889 Bellaire Blvd STE 124, Houston, TX 77036, USA",(713) 952-5031,http://www.allwininsurance.com/,"Houston, TX",insurance agency,sale@allwininsurance.com,scraped
Texas Direct Solar,"5301 Polk St building 14 F14, Houston, TX 77023, USA",(832) 905-8974,https://www.texasdirectsolar.com/,"Houston, TX",solar company,customersuccess@texasdirectsolar.com,scraped
KW Solar: Houston Solar Panel Installers,"5342 E 5th St #600, Katy, TX 77493, USA",(832) 844-5790,http://kw.solar/,"Houston, TX",solar company,info@kw.solar,scraped
SolRa Tech,"555 W 19th St suite 326, Houston, TX 77008, USA",(346) 562-1286,http://www.solratech.us/,"Houston, TX",solar company,info@solratech.us,scraped
Icarus Solar,"1719 Blalock Rd, Houston, TX 77080, USA",(832) 803-7073,http://icarussol.com/,"Houston, TX",solar company,info@icarussol.com,scraped
Ready Solar,"5506 Mitchelldale St, Houston, TX 77092, USA",(713) 589-5299,https://www.goreadysolar.com/,"Houston, TX",solar company,social@goreadysolar.com,scraped
Texas Solar Farms - residential and off grid solar company,"3403 W T C Jester Blvd Suite C-24, Houston, TX 77018, USA",(832) 616-8538,https://texasolarfarm.com/off-grid-solar-installer-texas,"Houston, TX",solar company,info@texasolarfarm.com,scraped
IntegrateSun,"7055 Old Katy Rd Suite #505, Houston, TX 77024, USA",(855) 999-1850,https://integratesun.com/,"Houston, TX",solar company,hello@integratesun.com,scraped
Solar Technologies LLC,"801 Travis St Ste 2101, Houston, TX 77002, USA",(281) 701-8151,https://solarresttech.com/,"Houston, TX",solar company,jeffferguson@solarresttech.com,scraped
"M&M Roofing, Siding & Windows","1656 Townhurst Dr Ste D, Houston, TX 77043, USA",(713) 880-8210,https://mmroofsiding.com/locations/houston/roofing/,"Houston, TX",roofing company,info@mmroofsiding.com,scraped
State Roofing Company,"318 Addicks-Howell Rd, Houston, TX 77079, USA",(281) 293-7000,https://stateroofingtexas.com/service-areas/houston-tx/,"Houston, TX",roofing company,josh@stateroofingtexas.com,scraped
TX Roofing & Services,"2855 Mangum Rd Unit B201B, Houston, TX 77092, USA",(713) 820-2302,http://www.txroofingandservices.com/,"Houston, TX",roofing company,info@txroofingandservices.com,scraped
TrueWorks Roofing,"8566 Katy Fwy Suite 122, Houston, TX 77024, USA",(713) 903-7663,https://www.trueworksroofing.com/,"Houston, TX",roofing company,hello@trueworksroofing.com,scraped
Ruff Roofing Houston,"11767 Katy Fwy #600, Houston, TX 77079, USA",(346) 339-3405,https://ruff-roofing.com/,"Houston, TX",roofing company,contact@ruff-roofing.com,scraped
Matador Lending,"5718 Westheimer Rd Suite 1000, Houston, TX 77057, USA",(713) 366-4668,http://www.matadorlending.com/,"Houston, TX",mortgage broker,hello@matadorlending.com,scraped
Envoy Mortgage,"952 Echo Ln Suite 190, Houston, TX 77024, USA",(713) 977-8005,https://www.envoymortgage.com/?utm_source=google%20my%20business&utm_medium=listing&utm_campaign=visit%20website,"Houston, TX",mortgage broker,info@envoymortgage.com,scraped
"Network Funding, LP","10370 Richmond Ave #900, Houston, TX 77042, USA",(713) 334-1100,https://nflp.com/,"Houston, TX",mortgage broker,info@nflp.com,scraped
Christine Nguyen - Home Loans Texas Mortgage Loan Officer,"5300 Memorial Dr #420, Houston, TX 77007, USA",(832) 858-0339,https://edgehomefinance.com/team-member/christine-nguyen/,"Houston, TX",mortgage broker,info@edgehomefinance.com,scraped
Boxwood Mortgage LLC,"2700 Post Oak Blvd 21st St, Houston, TX 77056, USA",(713) 387-9521,http://boxwoodmortgage.com/,"Houston, TX",mortgage broker,team@boxwoodmortgage.com,scraped
Safetrust Mortgage - Alexandre Murphy,"2500 E T C Jester Blvd Suite 278, Houston, TX 77008, USA",(832) 815-9754,http://houstonmortgageloans.com/,"Houston, TX",mortgage broker,amurphy@houstonmortgageloans.com,scraped
Houston Mortgage Brokers,"22206 Highland Knolls Dr Unit C, Katy, TX 77450, USA",(832) 437-7671,http://www.htxmb.com/,"Houston, TX",mortgage broker,drew@htxmb.com,scraped
New Era Lending LLC,"1500 S Dairy Ashford Rd suite 363, Houston, TX 77077, USA",(888) 700-0788,https://neweralendingllc.com/,"Houston, TX",mortgage broker,clientrelations@neweralendingllc.com,scraped
"Texas Top Mortgage, LLC nmls#2229954","2525 Robinhood St #1100, Houston, TX 77005, USA",(832) 206-2832,http://www.texastopmortgage.com/,"Houston, TX",mortgage broker,lauraeason@texastopmortgage.com,scraped
Blink Lending & Investments,"615 Heights Blvd Ste 100, Houston, TX 77007, USA",(713) 462-5465,https://blinklending.com/,"Houston, TX",mortgage broker,hello@blinklending.com,scraped
Union Home Mortgage,"1220 Augusta Dr Suite 600, Houston, TX 77057, USA",(713) 275-1300,https://www.uhm.com/branches/houston-augusta/,"Houston, TX",mortgage broker,alyssagarza@uhm.com,scraped
Zeus Lending,"3104 Edloe St #210, Houston, TX 77027, USA",(800) 275-9387,https://zeuslending.com/?utm_source=Google&utm_medium=Listing&utm_campaign=Zeus,"Houston, TX",mortgage broker,answers@zeuslending.com,scraped
Post Oak Private Wealth Advisors,"1200 Smith St UNIT 610, Houston, TX 77002, USA",(281) 580-2100,https://postoakprivatewealth.com/,"Houston, TX",financial advisor,info@postoakprivatewealth.com,scraped
Avidian Wealth Solutions,"800 Town and Country Blvd #220, Houston, TX 77024, USA",(281) 822-8800,http://www.avidianwealth.com/,"Houston, TX",financial advisor,info@avidianwealth.com,scraped
Seren Wealth Advisors,"510 Bering Dr Suite 540, Houston, TX 77057, USA",,http://www.serenwealth.com/,"Houston, TX",financial advisor,info@serenwealth.com,scraped
Haywood Wealth Management,"2625 Bay Area Blvd Suite 120, Houston, TX 77058, USA",(281) 848-2566,https://haywoodwealth.com/,"Houston, TX",financial advisor,info@haywoodwealth.com,scraped
"Edward Jones - Financial Advisor: Danyel T Ramelow, CFP®","1415 N Loop W Suite 610, Houston, TX 77008, USA",(281) 377-9914,https://www.edwardjones.com/us-en/financial-advisor/danyel-ramelow?y_source=1_NjQxNTU2LTcxNS1sb2NhdGlvbi53ZWJzaXRl,"Houston, TX",financial advisor,danyel.ramelow@edwardjones.com,scraped
Blue Trust | Houston Financial Advisors,"952 Echo Ln #430, Houston, TX 77024, USA",(713) 465-2900,https://www.bluetrust.com/,"Houston, TX",financial advisor,info@bluetrust.com,scraped
"Edward A Mireles, Financial Advisor, Edward Jones Investments","440 Louisiana St Suite 712, Houston, TX 77002, USA",(713) 861-2846,https://www.edwardjones.com/us-en/financial-advisor/edward-mireles?y_source=1_ODk4NDQ2MC03MTUtbG9jYXRpb24ud2Vic2l0ZQ%3D%3D,"Houston, TX",financial advisor,leah.morton@edwardjones.com,scraped
WealthCreate,"440 Louisiana St #900, Houston, TX 77002, USA",(800) 700-0095,https://www.wealthcr8.com/,"Houston, TX",financial advisor,info@wealthcr8.com,scraped
FOG Digital Marketing,"2822 N Loop 1604 W Ste 109, San Antonio, TX 78248, USA",(726) 224-4920,https://www.fogdigitalmarketing.com/,"San Antonio, TX",marketing agency,hello@fogdigitalmarketing.com,scraped
Capture That Media,"12015 Radium St, San Antonio, TX 78216, USA",(210) 370-7462,http://capturethatmedia.com/,"San Antonio, TX",marketing agency,info@capturethatmedia.com,scraped
The Creative Mango,"1203 Buena Vista St Ste.101, San Antonio, TX 78207, USA",(210) 730-2964,http://thecreativemango.com/,"San Antonio, TX",marketing agency,marco@thecreativemango.com,scraped
Grow Marketing,"Hunters Cir, San Antonio, TX 78231, USA",(210) 860-0499,https://www.growmarketingservices.com/?utm_source=google-business&utm_medium=organic,"San Antonio, TX",marketing agency,billy@growmarketingservices.com,scraped
2ten Marketing - Digital Marketing Agency,"18402 U.S. Hwy 281 N #257, San Antonio, TX 78259, USA",(210) 268-7595,http://www.2tenmarketing.com/,"San Antonio, TX",marketing agency,eddie@2tenmarketing.com,scraped
B Michele Branding Agency,"10615 Perrin Beitel #401, San Antonio, TX 78217, USA",(832) 637-6611,https://bmichele.com/,"San Antonio, TX",marketing agency,bmichele@bmichele.com,scraped
The CE Group Inc.,"200 E Grayson St #114, San Antonio, TX 78215, USA",(210) 822-5001,https://www.cegroupinc.net/,"San Antonio, TX",marketing agency,ce@cegroupinc.net,scraped
Tribu Creative,"420 Milam, San Antonio, TX 78202, USA",(210) 209-9209,https://wearetribu.com/,"San Antonio, TX",marketing agency,hello@wearetribu.com,scraped
"Parallel, A Brand Agency","915 Dallas St, San Antonio, TX 78215, USA",(210) 255-3809,https://parallelbrandagency.com/,"San Antonio, TX",marketing agency,info@parallelbrandagency.com,scraped
Gray Digital Group | Digital Marketing Agency,"816 Camaron St Suite #1.23, San Antonio, TX 78212, USA",(210) 750-4443,http://www.graydigitalgroup.com/,"San Antonio, TX",marketing agency,info@graydigitalgroup.com,scraped
Thrive Internet Marketing Agency,"9901 I-10 Ste 800, San Antonio, TX 78230, USA",(210) 880-9020,https://thriveagency.com/san-antonio-digital-marketing-agency/?utm_source=GMBlisting&utm_medium=organic,"San Antonio, TX",digital marketing agency,sales@thriveagency.com,scraped
Odd Duck Media,"11703 Huebner Rd Ste 106-452, San Antonio, TX 78230, USA",(210) 920-0706,https://oddduckmedia.com/,"San Antonio, TX",digital marketing agency,info@oddduckmedia.com,scraped
"Coreweb technologies llc | digital marketing agency | best website designing, graphic designing & video editing service","4802 Cambray Dr, San Antonio, TX 78229, USA",(210) 538-1765,https://www.corewebtechnologies.com/,"San Antonio, TX",digital marketing agency,info@corewebtechnologies.com,scraped
2DaMax Marketing,"6563 Babcock Rd Suite 109b, San Antonio, TX 78249, USA",(888) 819-7455,https://www.2damaxmarketing.com/san-antonio-marketing-agency/,"San Antonio, TX",lead generation agency,contact@2damaxmarketing.com,scraped
"21st Century Business Consulting,LLC","21750 Hardy Oak Blvd Suit 102, San Antonio, TX 78258, USA",(866) 586-2311,http://www.21stcenturybusinessconsultingllc.com/,"San Antonio, TX",sales consulting firm,dlee4305@21stcenturybusinessconsultingllc.com,scraped
Diligent Consulting Inc,"901 NE Interstate 410 Loop #600, San Antonio, TX 78209, USA",(210) 826-9300,https://www.diligent-us.com/,"San Antonio, TX",sales consulting firm,info@diligent-us.com,scraped
Impact Marketing Solutions,"1603 Babcock Rd #252, San Antonio, TX 78229, USA",(210) 817-4402,https://impactmarketingsolutionstx.com/,"San Antonio, TX",sales consulting firm,team@impactmarketingsolutionstx.com,scraped
"PGP Advisory Group, LLC","84 NE Interstate 410 Loop Ste 284, San Antonio, TX 78216, USA",(210) 580-4178,https://www.pgpadvisory.com/,"San Antonio, TX",sales consulting firm,jason@pgpadvisory.com,scraped
Growth Consulting,"3678 Hidden Dr #1502, San Antonio, TX 78217, USA",(210) 859-6914,https://www.growthconsulting.biz/,"San Antonio, TX",sales consulting firm,scott@growthconsulting.biz,scraped
Tom Harper Consulting,"13423 Blanco Rd #892, San Antonio, TX 78216, USA",(808) 285-3317,https://www.tomharperconsulting.com/,"San Antonio, TX",sales consulting firm,tjames.harper@gmail.com,scraped
CUTEK Inc,"10999 I-10 Suite 911, San Antonio, TX 78230, USA",(951) 696-9715,http://www.cutek.com/,"San Antonio, TX",sales consulting firm,sales@cutek.com,scraped
"JBGoodwin REALTORS®, San Antonio","607 E Sonterra Blvd Suite 108, San Antonio, TX 78258, USA",(210) 581-9050,https://www.jbgoodwin.com/,"San Antonio, TX",real estate agency,myemail@gmail.com,scraped
The Schrader Group - Brokered by eXp Realty,"300 E Sonterra Blvd #310, San Antonio, TX 78258, USA",(210) 729-6099,https://theschradergroup.com/,"San Antonio, TX",real estate agency,marketing@theschradergroup.com,scraped
RD Realty,"300 E Sonterra Blvd Suite 1240, San Antonio, TX 78258, USA",(210) 683-9914,http://www.rdrealtygrouptx.com/,"San Antonio, TX",real estate agency,rommyrdeais@hotmail.com,scraped
Proper Realty | San Antonio Realtors,"6502 Bandera Rd suite 206, San Antonio, TX 78238, USA",(210) 864-6386,http://www.properrealtysa.com/,"San Antonio, TX",real estate agency,info@properrealtysa.com,scraped
The Zachary Team San Antonio REALTORS®,"1717 N Loop 1604 E, San Antonio, TX 78232, USA",(210) 504-5301,http://www.gabrielandkristina.com/,"San Antonio, TX",real estate agency,info@gabrielandkristina.com,scraped
Texas LoneStar Realestate,"3563 Mountain Loop, San Antonio, TX 78261, USA",(210) 822-4663,http://www.texaslonestarrealestate.com/,"San Antonio, TX",real estate agency,info@texaslonestarrealestate.com,scraped
Eric Salinas Real Estate - Real Brokerage,"631 Mesa Ridge, San Antonio, TX 78258, USA",(210) 636-0332,https://www.ericsalinasrealestate.com/,"San Antonio, TX",real estate agency,ericsalinasrealestate@gmail.com,scraped
Ellis Insurance Agency,"15335 San Pedro Ave, San Antonio, TX 78232, USA",(210) 979-9000,http://www.ellisinsure.com/,"San Antonio, TX",insurance agency,info@ellisinsure.com,scraped
"Leal Insurance Services, LLC","118 Broadway #532, San Antonio, TX 78205, USA",(210) 277-7544,https://lealinsurance.com/,"San Antonio, TX",insurance agency,service@lealinsurance.com,scraped
HD Insurance Agency,"6827 Camp Bullis Rd Suite 302, San Antonio, TX 78256, USA",(210) 750-8900,https://www.hd-ins.com/,"San Antonio, TX",insurance agency,info@hd-ins.com,scraped
Shannon Miller Insurance Agency,"18410 U.S. Hwy 281 N Ste. 109, San Antonio, TX 78259, USA",(210) 955-0500,https://www.shannonmiller.net/,"San Antonio, TX",insurance agency,shannon@shannonmiller.net,scraped
Progressive Insurance - Claims Office,"3800 Horizon Hill Blvd Ste 105, San Antonio, TX 78229, USA",(800) 274-4499,https://www.progressive.com/claims/?utm_source=G&utm_medium=local&utm_campaign=progressivedirectclaimcenters,"San Antonio, TX",insurance agency,investor_relations@progressive.com,scraped
Solar Service,"1150 N Loop 1604 W STE 108, #180, San Antonio, TX 78248, USA",(210) 343-2822,https://solarservice-tx.com/san-antonio/,"San Antonio, TX",solar company,hello@solarservice-tx.com,scraped
Atma Energy,"1430 N Flores St suit 200, San Antonio, TX 78212, USA",(210) 247-2862,https://atma-energy.com/,"San Antonio, TX",solar company,info@atma-energy.com,scraped
Texas Engineered Solar,"8562 NE Interstate 410 Loop Suite# 128, San Antonio, TX 78219, USA",(210) 516-1604,http://www.txensolar.com/,"San Antonio, TX",solar company,jbutler@txensolar.com,scraped
Central Texas Solar & Services,"1844 Lockhill Selma Rd Suite 102A, San Antonio, TX 78213, USA",(210) 635-0007,https://centraltexas.solar/,"San Antonio, TX",solar company,service@centraltexas.solar,scraped
Big Sun Solar,"200 E Grayson St Suite 126, San Antonio, TX 78215, USA",(210) 960-2303,https://www.bigsunsolar.com/,"San Antonio, TX",solar company,info@bigsunsolar.com,scraped
South Texas Solar Systems,"10203 Kotzebue St Suite 109, San Antonio, TX 78217, USA",(210) 829-5420,https://txsolarsystems.com/,"San Antonio, TX",solar company,sales@txsolarsystems.com,scraped
Orius Solar Care+,"2800 NE Interstate 410 Loop Ste 201, San Antonio, TX 78218, USA",(210) 842-5783,http://oriusolar.com/,"San Antonio, TX",solar company,support@oriusolar.com,scraped
"ALPHA SOLAR SOLUTIONS, LLC","4243 E Piedras Dr ste 250, San Antonio, TX 78228, USA",(210) 783-0507,http://www.alphasolarsa.com/,"San Antonio, TX",solar company,info@alphasolarsa.com,scraped
Solar Sunny-Side UP,"2544 Boardwalk St, San Antonio, TX 78217, USA",(855) 887-8669,http://solarsunnysideup.com/,"San Antonio, TX",solar company,info@solarsunnysideup.com,scraped
Stephens Solar Solutions,"11801 Warfield St, San Antonio, TX 78216, USA",(210) 785-0994,https://www.stephenssolar.net/,"San Antonio, TX",solar company,info@stephenssolar.net,scraped
Premier Roofing and Contracting,"18756 Stone Oak Pkwy STE. 200, San Antonio, TX 78258, USA",(210) 867-6001,https://www.premierroofingandcontracting.com/,"San Antonio, TX",roofing company,info@premierroofingandcontracting.com,scraped
Stephens Roofing & Remodeling,"11803 Warfield St, San Antonio, TX 78216, USA",(210) 785-0994,https://www.stephensroofing.net/,"San Antonio, TX",roofing company,inquiries@stephensroofing.net,scraped
Twin Hammers Roofing & Contracting,"9258 Culebra Rd Suite 101, San Antonio, TX 78251, USA",(210) 650-2090,https://www.twinhammersroofing.com/,"San Antonio, TX",roofing company,chris@twinhammersroofing.com,scraped
Bison Roofing,"1445 Austin Hwy, San Antonio, TX 78209, USA",(210) 888-9646,http://www.bisonroofing.net/,"San Antonio, TX",roofing company,info@bisonroofing.net,scraped
Safepro Roofing,"114 N Ellison Dr #403, San Antonio, TX 78251, USA",(210) 485-5308,https://safeproroofing.com/?utm_source=google&utm_medium=organic&utm_campaign=gmb-primary-link,"San Antonio, TX",roofing company,info@safeproroofing.com,scraped
Priority Roofing,"7254 Blanco Rd #100, San Antonio, TX 78216, USA",(210) 793-3028,https://priorityroofs.com/location/san-antonio/,"San Antonio, TX",roofing company,office@priorityroofs.com,scraped
BELDON Roofing Company,"5039 West Ave, San Antonio, TX 78213, USA",(210) 774-4156,https://www.beldon.com/?utm_source=google&utm_medium=organic&utm_campaign=gmb,"San Antonio, TX",roofing company,customersupport@beldon.com,scraped
San Antonio Mortgage LLC,"8000 I-10 Suite 664, San Antonio, TX 78230, USA",(800) 674-1474,https://sanantoniomtg.com/,"San Antonio, TX",mortgage broker,info@sanantoniomtg.com,scraped
USA Mortgage,"211 N Loop 1604 E #250, San Antonio, TX 78232, USA",(210) 399-0401,https://www.usamortgage.com/branch/san-antonio/?utm_source=G&utm_medium=LPM&utm_campaign=USAMortgageLPM,"San Antonio, TX",mortgage broker,tspencer@usamortgage.com,scraped
Direct Rate,"16500 San Pedro Ave Ste 333, San Antonio, TX 78232, USA",(210) 909-6999,http://www.directrateusa.com/,"San Antonio, TX",mortgage broker,customerservice@directrateusa.com,scraped
"New Horizon Mortgage, Inc.","11106 West Ave, San Antonio, TX 78213, USA",(210) 341-5626,https://www.newhorizonmortgage.com/,"San Antonio, TX",mortgage broker,info@newhorizonmortgage.com,scraped
Accredited Mortgage Services,"11602 Elm Bluff, San Antonio, TX 78230, USA",(210) 949-1855,https://www.acc-mortgage.com/,"San Antonio, TX",mortgage broker,boyd@acc-mortgage.com,scraped
South Texas Lending,"1846 N Loop 1604 W Ste 205, San Antonio, TX 78248, USA",(210) 750-6164,https://neighborhoodloans.com/ben-gheliuc/,"San Antonio, TX",mortgage broker,info@neighborhoodloans.com,scraped
Orange Mortgage,"10010 San Pedro Ave STE 825, San Antonio, TX 78216, USA",(210) 640-9515,http://www.orangemortgage.com/,"San Antonio, TX",mortgage broker,jason.waller@orangemortgage.com,scraped
Financial Life Advisors,"2338 N Loop 1604 W Ste 311, San Antonio, TX 78248, USA",(210) 918-8998,http://www.fladvisors.com/,"San Antonio, TX",financial advisor,advisor@fladvisors.com,scraped
Avid Wealth Partners,"23119 I-10 Bldg 20, San Antonio, TX 78257, USA",(210) 864-3333,http://www.avidwp.com/,"San Antonio, TX",financial advisor,hello@avidwp.com,scraped
"Chris Reddick Financial Planning, LLC","543 Tranquil Oak, San Antonio, TX 78260, USA",(210) 218-8040,https://chrisreddickfp.com/,"San Antonio, TX",financial advisor,creddick@chrisreddickfp.com,scraped
"Seasons Wealth, LLC","11503 NW Military Hwy #301, San Antonio, TX 78231, USA",(210) 953-7797,http://www.seasonsfp.com/,"San Antonio, TX",financial advisor,team@seasonsfp.com,scraped
"Freedom Wealth - Rene P Soliz III, Wealth Advisor","16797 San Pedro Ave, San Antonio, TX 78232, USA",(210) 376-1746,https://freedomwealthllc.com/,"San Antonio, TX",financial advisor,info@freedomwealthllc.com,scraped
The Skyline Agency,"1529 Dragon St, Dallas, TX 75207, USA",(214) 326-0477,http://www.theskylineagency.com/,"Dallas, TX",marketing agency,accounts@theskylineagency.com,scraped
Jives Media,"5215 N O'Connor Blvd, Irving, TX 75039, USA",(650) 420-7455,https://www.jivesmedia.com/digital-marketing-agency-in-dallas/,"Dallas, TX",marketing agency,info@jivesmedia.com,scraped
The Loomis Agency,"17120 Dallas Pkwy #200, Dallas, TX 75248, USA",(972) 331-7000,https://www.theloomisagency.com/,"Dallas, TX",marketing agency,1dallasagency@theloomisagency.com,scraped
Iconier Digital Marketing Agency,"3710 Rawlins St #1420, Dallas, TX 75219, USA",(702) 238-5098,https://www.iconier.com/?utm_source=google&utm_medium=organic&utm_campaign=google_business_profile&utm_content=dallas,"Dallas, TX",marketing agency,info@iconier.com,scraped
The Dallas SEO Company,"603 Munger Ave, Dallas, TX 75202, USA",(469) 663-0016,https://www.thedallasseocompany.com/,"Dallas, TX",marketing agency,info@thedallasseocompany.com,scraped
Rise Local,"152 Continental Ave Ste 100, Dallas, TX 75207, USA",(214) 267-9553,https://riselocal.com/?utm_source=gmb&utm_medium=organic&utm_campaign=Maps,"Dallas, TX",marketing agency,hello@riselocal.com,scraped
Nativz,"3322 Shorecrest Dr #225, Dallas, TX 75235, USA",,https://nativz.io/,"Dallas, TX",marketing agency,info@nativz.io,scraped
Cloud 9 Marketing Corp,"1920 McKinney Ave 7th Floor, Dallas, TX 75201, USA",(888) 818-9947,https://www.cloud9marketingcorp.com/calendar,"Dallas, TX",marketing agency,info@cloud9marketingcorp.com,scraped
LaGrande Marketing,"1808 S Good Latimer Expy #102, Dallas, TX 75226, USA",(469) 625-4881,https://lagrandemarketing.com/?utm_source=google&utm_medium=organic&utm_campaign=gbp_listing,"Dallas, TX",marketing agency,support@lagrandemarketing.com,scraped
Kannon Marketing Agency,"200 Crescent Ct, Dallas, TX 75201, USA",(972) 426-2079,http://www.kannonmarketingagency.com/,"Dallas, TX",marketing agency,info@kannonmarketingagency.com,scraped
Thrive Internet Marketing Agency,"4604 Park Springs Blvd #140, Arlington, TX 76017, USA",(817) 642-9686,https://thriveagency.com/arlington-digital-marketing-agency/?utm_source=GMBlisting&utm_medium=organic,"Dallas, TX",digital marketing agency,sales@thriveagency.com,scraped
Lead4u,"539 W Commerce St Suite 7735, Dallas, TX 75208, USA",(972) 314-5323,http://www.lead4u.co/,"Dallas, TX",lead generation agency,contact@lead4u.co,scraped
Ascendly Marketing and Website Design,"4245 N Central Expy, Dallas, TX 75205, USA",(469) 802-2997,https://ascendlymarketing.com/marketing-agency-dallas/?utm_source=Google&utm_medium=Local+SEO&utm_campaign=GBP+Dallas,"Dallas, TX",lead generation agency,info@ascendlymarketing.com,scraped
Bullish Leads Digital Marketing Agency,"13155 Noel Rd Suit# 900, Dallas, TX 75240, USA",(469) 949-4346,https://bullishleads.com/,"Dallas, TX",lead generation agency,hello@bullishleads.com,scraped
Lead Concepts,"3100 Premier Dr #207, Irving, TX 75063, USA",(888) 479-2296,https://leadconcepts.com/?utm_campaign=gmb,"Dallas, TX",lead generation agency,info@leadconcepts.com,scraped
ARYU Advertising,"8001 Lyndon B Johnson Fwy suite 405 c, Dallas, TX 75251, USA",(214) 730-4871,https://aryuadvertising.com/,"Dallas, TX",lead generation agency,hello@aryuadvertising.com,scraped
Rogue Marketing,"4890 Alpha Rd Suite 250, Dallas, TX 75244, USA",(214) 932-9159,http://gorogue.net/?utm_source=GBP&utm_medium=Google&utm_campaign=Google%20Business%20Profile,"Dallas, TX",lead generation agency,hello@gorogue.net,scraped
Bold Entity,"6060 N Central Expy Suite 500, Dallas, TX 75206, USA",(214) 989-7022,https://boldentity.com/,"Dallas, TX",lead generation agency,info@boldentity.com,scraped
+57,"8700 N Stemmons Fwy Suite 425C, Dallas, TX 75247, USA",(214) 644-7244,https://plusfiveseven.com/,"Dallas, TX",lead generation agency,info@plusfiveseven.com,scraped
360 Consulting,"3010 Lyndon B Johnson Fwy #1200, Dallas, TX 75234, USA",(817) 800-9546,http://www.360consultingdfw.com/,"Dallas, TX",sales consulting firm,info@360consultingdfw.com,scraped
"Christiano Ferraro Consultancy, LLC","3883 Turtle Creek Blvd #1516, Dallas, TX 75219, USA",(214) 803-5215,http://christianoferraro.com/,"Dallas, TX",sales consulting firm,christiano@christianoferraro.com,scraped
Connect The Culture,"3626 North Hall Street (Two, Suite 610, Dallas, TX 75219, USA",(817) 947-5991,http://www.connecttheculture.com/,"Dallas, TX",sales consulting firm,info@connecttheculture.com,scraped
Patty Bender Advisors | Texas #1 Real Estate Advisor & Consultant | Leadership Counselor | Sales Team Coach,"8620 Chadbourne Rd, Dallas, TX 75209, USA",(713) 299-1828,http://pattybenderadvisors.com/,"Dallas, TX",sales consulting firm,example@gmail.com,scraped
"Evan Downey | Evan Downey Real Estate Group, eXp Realty","2626 Cole Ave suit 300, Dallas, TX 75204, USA",(214) 997-4929,http://www.evandowneyrealestate.com/,"Dallas, TX",real estate agency,evan@evandowneyrealestate.com,scraped
The Realm Agency,"8350 N Central Expy Suite 1900, Dallas, TX 75206, USA",(214) 814-4117,https://www.therealmagency.com/,"Dallas, TX",real estate agency,info@therealmagency.com,scraped
Living in Dallas Texas Team,"2919 Commerce St STE 250, Dallas, TX 75226, USA",(214) 225-6557,https://www.livingindallastx.com/,"Dallas, TX",real estate agency,info@livingindallastx.com,scraped
Housed Real Estate + Relocation,"204 E Main St, Richardson, TX 75081, USA",(214) 888-6864,https://www.housedrealestate.com/,"Dallas, TX",real estate agency,info@housedrealestate.com,scraped
Elite Living Realty,"13155 Noel Rd Suit# 900, Dallas, TX 75240, USA",(214) 506-0634,http://elitelivingrealty.com/,"Dallas, TX",real estate agency,info@elitelivingrealty.com,scraped
Princeton Insurance,"1304 Adair St, Dallas, TX 75204, USA",(469) 916-9595,https://princetoninsurance.us/?utm_source=gmb&utm_medium=organic,"Dallas, TX",insurance agency,info@princetoninsurance.us,scraped
Ezzy Insurance (formerly Advanced Insurance Group),"10777 Harry Hines Blvd #100, Dallas, TX 75220, USA",(214) 358-0480,https://www.ezzyinsurance.com/,"Dallas, TX",insurance agency,contact@ezzyinsurance.com,scraped
Red Gorman Insurance,"3200 S Lancaster Rd #152a, Dallas, TX 75216, USA",(214) 374-9997,http://www.redgormaninsurance.com/,"Dallas, TX",insurance agency,trucking@redgormaninsurance.com,scraped
Fiesta Auto Insurance & Tax Service,"104 S Carroll Ave #110, Dallas, TX 75226, USA",(214) 238-2567,https://fiestainsurance.com/stores/fiesta-insurance-and-tax-dallas-texas-tx055/,"Dallas, TX",insurance agency,fiestatx055@fiestainsurance.com,scraped
Insurance of DFW,"1056 E Belt Line Rd, Richardson, TX 75081, USA",(469) 518-9695,https://insuranceofdfw.com/,"Dallas, TX",insurance agency,tx@insuranceofdfw.com,scraped
The Phoenix Insurance,"6600 Lyndon B Johnson Fwy Ste 220, Dallas, TX 75240, USA",(214) 253-0570,http://thephoenixinsurance.com/,"Dallas, TX",insurance agency,quotes@thephoenixinsurance.com,scraped
Good Faith Energy & Roofing,"4122 Billy Mitchell Dr, Addison, TX 75001, USA",(972) 777-6937,https://goodfaithenergy.com/,"Dallas, TX",solar company,marketing@goodfaithenergy.com,scraped
Vantage Point Solar,"1910 Pacific Ave #10500, Dallas, TX 75201, USA",(844) 507-6527,http://www.vantagepointsolar.com/,"Dallas, TX",solar company,support@vantagepointsolar.com,scraped
Sunrgy Solar Distribution,"10869 Shady Trail #100, Dallas, TX 75220, USA",(469) 786-2003,http://www.sunrgy.com/,"Dallas, TX",solar company,support@sunrgy.com,scraped
Electric Distribution and Design Systems,"10500 Metric Dr #118, Dallas, TX 75243, USA",(214) 679-5458,https://www.eddssolar.com/,"Dallas, TX",solar company,t14tedds@eddssolar.com,scraped
Divine Energy Solar,"11140 Zodiac Ln, Dallas, TX 75229, USA",(469) 732-4911,http://www.divineenergysolar.co/,"Dallas, TX",solar company,support@divineenergysolar.co,scraped
Smooth Solar Power,"315 S Cesar Chavez Blvd, Dallas, TX 75201, USA",(866) 210-6654,https://smoothsolarpower.com/,"Dallas, TX",solar company,info@smoothsolarpower.com,scraped
Diamond Solar USA,"9550 Forest Ln BUILDING 4 SUITE 456, Dallas, TX 75243, USA",(214) 214-5496,https://www.diamondsolarusa.com/,"Dallas, TX",solar company,info@diamondsolarusa.com,scraped
O3 Energy Solutions,"325 North St. Paul Street #4550, Dallas, TX 75201, USA",(888) 999-2902,https://o3energy.com/,"Dallas, TX",solar company,info@o3energy.com,scraped
Greenest Energy,"10440 N Central Expy #800, Dallas, TX 75231, USA",,https://www.greenest.energy/,"Dallas, TX",solar company,info@greenest.energy,scraped
North Texas Solar,"6624 N Riverside Dr, Fort Worth, TX 76137, USA",(940) 387-2716,https://www.northtexassolar.com/,"Dallas, TX",solar company,info@northtexassolar.com,scraped
New View Roofing,"4722 Gaston Ave, Dallas, TX 75246, USA",(469) 232-7220,https://newviewroofing.com/?utm_source=google&utm_medium=organic&utm_campaign=gmb,"Dallas, TX",roofing company,info@newviewroofing.com,scraped
Arrington Roofing,"2203 Obenchain St, Dallas, TX 75208, USA",(214) 698-8443,https://arringtonroofing.com/?utm_source=gbp&utm_medium=organic&utm_campaign=gbp-listing,"Dallas, TX",roofing company,info@arringtonroofing.com,scraped
Priority Roofing,"1420 W Mockingbird Ln Suite 540, Dallas, TX 75247, USA",(469) 615-8193,https://priorityroofs.com/location/dallas/,"Dallas, TX",roofing company,office@priorityroofs.com,scraped
Reveles Roofing,"5101 Parry Ave, Dallas, TX 75223, USA",(214) 900-8930,http://www.revelesroofing.com/,"Dallas, TX",roofing company,info@revelesroofing.com,scraped
Bert Roofing Inc.,"10021 Cayuga Dr, Dallas, TX 75228, USA",(214) 239-2699,https://bertroofing.com/?utm_campaign=gmb,"Dallas, TX",roofing company,mail@bertroofing.com,scraped
Results Roofing,"2828 E Trinity Mls Rd Ste 212, Carrollton, TX 75006, USA",(469) 270-8037,https://resultsroofing.com/?utm_source=google&utm_medium=organic&utm_campaign=gmb&utm_content=carrollton,"Dallas, TX",roofing company,info@resultsroofing.com,scraped
Knox Roofing,"1835 Empire Central Dr Ste. O, Dallas, TX 75235, USA",(214) 646-6625,https://www.knoxroofingpros.com/,"Dallas, TX",roofing company,info@knoxroofingpros.com,scraped
Built To Last Roofing,"6537 Lyndon B Johnson Fwy, Dallas, TX 75240, USA",(469) 364-8198,https://btolroofing.com/?utm_source=google&utm_medium=organic&utm_campaign=gmb-primary-link-dallas,"Dallas, TX",roofing company,info@btolroofing.com,scraped
Town Square Mortgage,"17300 Dallas Pkwy Ste 1030, Dallas, TX 75248, USA",(972) 292-7600,https://www.tsmlending.com/,"Dallas, TX",mortgage broker,info@tsmlending.com,scraped
"Wade Betz, Mortgage Broker","4514 Cole Ave # 600, Dallas, TX 75205, USA",(469) 906-2522,http://www.winningwithwade.com/,"Dallas, TX",mortgage broker,team@winningwithwade.com,scraped
Stonebriar Mortgage,"6220 Gaston Ave Ste 575, Dallas, TX 75214, USA",(214) 669-3307,https://www.stonebriarmortgage.com/,"Dallas, TX",mortgage broker,leads@stonebriarmortgage.com,scraped
Mortgage Mark,"5495 Belt Line Rd Suite 140, Dallas, TX 75254, USA",(972) 829-8639,https://mortgagemark.com/,"Dallas, TX",mortgage broker,tamara@mortgagemark.com,scraped
MPS Mortgage LLC,"8080 N Central Expy #1700, Dallas, TX 75206, USA",(214) 218-1281,http://www.mps.mortgage/,"Dallas, TX",mortgage broker,info@mps.mortgage,scraped
Christian Johnson - Mortgage Lender,"3100 Monticello Ave #335, Dallas, TX 75205, USA",(214) 763-8767,https://www.rate.com/christianjohnson?utm_source=google&utm_medium=organic&utm_campaign=yext&utm_content=24710&adtrk=%7Cseo%7Cgoogle%7Cyext%7C24710%7C,"Dallas, TX",mortgage broker,customercare@rate.com,scraped
"Third Act Wealth Management, LLC","South Building, 8150 N Central Expy Suite 1420, Dallas, TX 75206, USA",(214) 764-2095,http://thirdactwm.com/,"Dallas, TX",financial advisor,info@thirdactwm.com,scraped
Ivy Wealth,"14241 Dallas Pkwy Suite 1200, Dallas, TX 75254, USA",(225) 205-5600,http://www.ivy-wealth.com/,"Dallas, TX",financial advisor,info@ivy-wealth.com,scraped
"Strata Wealth Advisors, LLC","8750 N Central Expy Suite 1875, Dallas, TX 75231, USA",(214) 420-7020,http://www.stratawealth.com/,"Dallas, TX",financial advisor,info@stratawealth.com,scraped
Indyfin,"1722 Routh St Suite 900, Dallas, TX 75201, USA",(833) 463-9346,http://www.indyfin.com/,"Dallas, TX",financial advisor,info@indyfin.com,scraped
HMG Creative,"2400 E Cesar Chavez St Suite 316B, Austin, TX 78702, USA",(888) 744-0464,https://www.hmgcreative.com/,"Austin, TX",marketing agency,hello@hmgcreative.com,scraped
ADMEN,"401 N Congress Ave #1540, Austin, TX 78701, USA",(512) 568-3559,https://admen.com/?utm_source=Maps&utm_medium=GBM,"Austin, TX",marketing agency,billing@admen.com,scraped
Idea Peddler,"1023 Springdale Rd #4e, Austin, TX 78721, USA",,https://ideapeddler.com/,"Austin, TX",marketing agency,hello@ideapeddler.com,scraped
Ollie Marketing,"Mueller Blvd, Austin, TX 78723, USA",(860) 422-3940,https://olliemarketing.com/,"Austin, TX",marketing agency,jamie@olliemarketing.com,scraped
Catalyst Marketing,"110 Wild Basin Rd S #350, Austin, TX 78746, USA",(512) 579-5460,https://thelyst.com/,"Austin, TX",marketing agency,contact@thelyst.com,scraped
RG Agency,"823 N Congress Ave, Austin, TX 78701, USA",(512) 994-2959,https://rgagencyusa.com/,"Austin, TX",marketing agency,contact@rgagencyusa.com,scraped
No Time for Social,"551 S Interstate 35 339, Round Rock, TX 78664, USA",(512) 721-0333,http://www.notimeforsocial.com/,"Austin, TX",marketing agency,info@notimeforsocial.com,scraped
310 Creative,"13341 US-290 BUILDING 2, Austin, TX 78737, USA",(310) 975-7637,https://www.310creative.com/,"Austin, TX",marketing agency,info@310creative.com,scraped
Top Austin SEO Company,"106 E 6th St #900, Austin, TX 78701, USA",(737) 236-2801,https://www.topaustinseo.company/,"Austin, TX",digital marketing agency,team@topaustinseo.company,scraped
Rodeo Creative (formerly Parrot Digital),"1305 E 6th St APT 6, Austin, TX 78702, USA",(737) 265-3237,https://madebyrodeo.co/,"Austin, TX",digital marketing agency,info@madebyrodeo.co,scraped
ROI Society,"106 E 6th St suite 900-107, Austin, TX 78701, USA",(737) 373-3793,https://roisociety.com/,"Austin, TX",lead generation agency,hello@roisociety.com,scraped
EVpro Marketing,"111 Congress Ave., Austin, TX 78701, USA",(281) 215-3181,http://www.evpromarketing.com/,"Austin, TX",lead generation agency,info@evpromarketing.com,scraped
Geeks5g,"7701 N Lamar Blvd suit 402, Austin, TX 78752, USA",(800) 320-0228,http://geeks5g.com/,"Austin, TX",lead generation agency,info@geeks5g.com,scraped
Austin Sales Consulting,"11614 Bee Caves Rd #240, Austin, TX 78738, USA",(512) 508-8258,https://www.austinsalesconsulting.com/,"Austin, TX",sales consulting firm,info@austinsalesconsulting.com,scraped
Russell Strategy Group,"612 W 34th St, Austin, TX 78705, USA",(512) 217-3205,https://russellstrategygroup.com/,"Austin, TX",sales consulting firm,letstalk@russellstrategygroup.com,scraped
SaaS Consulting Group,"3345 Bee Caves Rd Suite 206/207, West Lake Hills, TX 78746, USA",,http://www.saascg.com/,"Austin, TX",sales consulting firm,sales@saascg.com,scraped
Chasse Consulting: Sales Strategies Inc.,"3600 N Capital of Texas Hwy #100, Austin, TX 78746, USA",(512) 347-1474,http://www.chasseconsulting.com/,"Austin, TX",sales consulting firm,sales@chasseconsulting.com,scraped
Gibson Consulting Group Inc,"3507 N Lamar Blvd, Austin, TX 78705, USA",(512) 328-0884,http://gibsonconsult.com/,"Austin, TX",sales consulting firm,info@gibsonconsult.com,scraped
SalesLabX,"600 N Congress Ave, Austin, TX 78701, USA",(877) 278-8759,http://www.saleslabx.com/,"Austin, TX",sales consulting firm,info@saleslabx.com,scraped
Mindshare Consulting Inc,"1101 W 34th St unit 533, Austin, TX 78705, USA",(512) 621-8822,https://www.mindshare.consulting/,"Austin, TX",sales consulting firm,info@mindshare.consulting,scraped
Dolphin Consulting,"1301 S I-35 Frontage Rd, Austin, TX 78741, USA",(512) 579-7647,http://dolphinconsulting.org/contact-us/,"Austin, TX",sales consulting firm,info@dolphinconsulting.org,scraped
The Agency Texas,"7427 N Lamar Blvd, Austin, TX 78752, USA",(512) 890-1372,https://theagencytexas.com/,"Austin, TX",real estate agency,info@theagencytexas.com,scraped
Spyglass Realty,"8501 N Mopac Expy STE 110, Austin, TX 78759, USA",(512) 253-1681,https://www.spyglassrealty.com/?utm_source=gmb&utm_medium=organic&utm_campaign=austin&utm_content=austin-goodrich2130,"Austin, TX",real estate agency,info@spyglassrealty.com,scraped
STRÜB Residential Group,"1212 Guadalupe St, Austin, TX 78701, USA",(512) 902-9966,http://www.strub.com/,"Austin, TX",real estate agency,strub@strub.com,scraped
Byrne Real Estate Group,"3355 Bee Caves Rd Suite 301B, Austin, TX 78746, USA",(512) 942-7880,https://www.byrne-austin.com/,"Austin, TX",real estate agency,clay@byrne-austin.com,scraped
Roman Lopez Real Estate,"1801 S MoPac Expy #100, Austin, TX 78746, USA",(512) 399-0368,https://www.romanlopez.com/,"Austin, TX",real estate agency,roman@romanlopez.com,scraped
Pride of Texas Real Estate,"1107 Lambie St, Austin, TX 78702, USA",(512) 410-8037,http://www.prideoftexas.net/,"Austin, TX",real estate agency,kelseyb@prideoftexas.net,scraped
EZ Insurance Agency,"4011 S 1st St, Austin, TX 78745, USA",(512) 443-9700,https://www.ezinsuranceagency.com/,"Austin, TX",insurance agency,info@ezinsuranceagency.com,scraped
Heaton Bennett Insurance,"3933 Steck Ave B119, Austin, TX 78759, USA",(512) 372-8311,https://insureaustin.com/?utm_source=GMB%20listing&utm_medium=organic&utm_campaign=GMB%20organic,"Austin, TX",insurance agency,hbi@insureaustin.com,scraped
Time Insurance Agency,"1405 E Riverside Dr, Austin, TX 78741, USA",(512) 447-7773,http://www.timeinsurance.com/,"Austin, TX",insurance agency,info@timeinsurance.com,scraped
Starr Insurance Agency,"8801 Research Blvd #104, Austin, TX 78758, USA",(512) 586-2000,http://www.mystarr.com/,"Austin, TX",insurance agency,starr04@mystarr.com,scraped
EZ Insurance Agency,"7600 N Lamar Blvd Suite E, Austin, TX 78752, USA",(512) 445-2700,https://ezinsuranceagency.com/7600-n-lamar-suite-e-austin-tx-78752/,"Austin, TX",insurance agency,info@ezinsuranceagency.com,scraped
Contigo Insurance Agency,"9310 Georgian Dr Suite A, Austin, TX 78753, USA",(512) 518-7000,https://www.contigoagency.com/,"Austin, TX",insurance agency,info@contigoagency.com,scraped
The Texas Insurance Broker,"4009 Banister Ln Suite 230, Austin, TX 78704, USA",(512) 270-0256,http://www.thetexasinsurancebroker.com/,"Austin, TX",insurance agency,tom@thetexasinsurancebroker.com,scraped
EZ Insurance Agency,"6401 S 1st St Suite B, Austin, TX 78745, USA",(512) 444-4040,https://ezinsuranceagency.com/6401-s-1st-st-austin-tx-78745/,"Austin, TX",insurance agency,info@ezinsuranceagency.com,scraped
Solar Service,"1801 E 51st St STE 365, #250, Austin, TX 78723, USA",(512) 537-0459,https://solarservice-tx.com/,"Austin, TX",solar company,hello@solarservice-tx.com,scraped
Lighthouse Solar,"2000 S 7th St, Austin, TX 78704, USA",(512) 476-5555,https://lighthousesolartx.com/?utm_source=GMB&utm_medium=organic&utm_campaign=austin,"Austin, TX",solar company,marketing@lighthousesolartx.com,scraped
Austin Discount Solar,"9600 Great Hills Trl #150w, Austin, TX 78759, USA",(512) 968-7070,http://www.austindiscountsolar.com/,"Austin, TX",solar company,kevin@austindiscountsolar.com,scraped
Cool Solar - Austin Texas Solar Panel Power,"2121 E 6th St #201, Austin, TX 78702, USA",(512) 883-4407,https://coolsolarpower.co/,"Austin, TX",solar company,jb@coolsolarpower.co,scraped
Optimum Solar USA,"1812 Centre Creek Dr Suite 215, Austin, TX 78754, USA",(737) 295-8707,https://optimumsolarusa.com/,"Austin, TX",solar company,sales@optimumsolarusa.com,scraped
Texas Solar Power Company,"6448 E Hwy 290 C-112, Austin, TX 78723, USA",(512) 459-9494,http://www.txspc.com/,"Austin, TX",solar company,info@txspc.com,scraped
Now Energy LLC,"5214 Burleson Rd Suite 405, Austin, TX 78744, USA",(866) 227-1352,https://www.nowenergyllc.com/,"Austin, TX",solar company,s.swan@nowenergyllc.com,scraped
NATiVE Solar,"3998 US-290 d, Dripping Springs, TX 78620, USA",(855) 234-3131,https://nativesolar.com/,"Austin, TX",solar company,info@nativesolar.com,scraped
EnergyRey LLC.,"13740 N Hwy 183 Ste L2, Austin, TX 78750, USA",(737) 206-0457,https://energyreytx.com/,"Austin, TX",solar company,info@energyreytx.com,scraped
Ace Roofing Company,"9705 Burnet Rd Suite 415, Austin, TX 78758, USA",(512) 836-7663,https://aceroofingtexas.com/,"Austin, TX",roofing company,info@aceroofingtexas.com,scraped
Austin Roofing and Construction,"1301 W Ben White Blvd #200A, Austin, TX 78704, USA",(512) 629-4949,https://www.austinroofingandconstruction.com/,"Austin, TX",roofing company,info@austinroofingandconstruction.com,scraped
Kidd Roofing,"1212 E Anderson Ln #200, Austin, TX 78752, USA",(512) 671-7791,https://www.kiddroof.com/austin-roofing/?utm_source=gmb&utm_medium=organic&utm_campaign=austin,"Austin, TX",roofing company,info@kiddroof.com,scraped
Clear Choice Roofing - Austin,"5555 N Lamar Blvd Suite H135, Austin, TX 78751, USA",(512) 640-2643,https://clearchoiceroofingatx.com/?utm_source=gbp&utm_medium=organic&utm_campaign=gbp-listing,"Austin, TX",roofing company,office@clearchoiceroofingatx.com,scraped
HD Roofing and Repairs,"12131 Pecan St, Austin, TX 78727, USA",(512) 458-6800,https://www.hdroofingandrepairs.com/?utm_source=google&utm_medium=Organic&utm_campaign=gbp,"Austin, TX",roofing company,contact@hdroofingandrepairs.com,scraped
Altair Austin Roofing Company,"807 Brazos St #403, Austin, TX 78701, USA",(512) 640-2658,https://austinroofingcompany.com/,"Austin, TX",roofing company,support@austinroofingcompany.com,scraped
Ja-Mar Roofing & Sheet Metal - Austin,"4101 Parkstone Heights Dr STE 250, Austin, TX 78746, USA",(512) 441-8437,https://jamarroofing.com/?utm_source=google&utm_medium=gbp&utm_campaign=Austin,"Austin, TX",roofing company,sales@jamarroofing.com,scraped
Priority Roofing,"12303 Technology Blvd #900, Austin, TX 78727, USA",(512) 884-1287,https://priorityroofs.com/location/austin/,"Austin, TX",roofing company,office@priorityroofs.com,scraped
The Guild Collective,"8222 N Lamar Blvd Suite E-43, Austin, TX 78753, USA",(737) 260-7042,https://guildtx.com/?utm_campaign=gmb,"Austin, TX",roofing company,info@guildtx.com,scraped
Austin Roofing Company LLC,"12430 Metric Blvd Suite 2205, Austin, TX 78758, USA",(512) 952-7454,https://austinroofingcompany.us/,"Austin, TX",roofing company,info@austinroofingcompany.us,scraped
LendFriend Mortgage,"600 N Congress Ave Office 15032, Austin, TX 78701, USA",(512) 881-5099,https://www.lendfriendmtg.com/,"Austin, TX",mortgage broker,contact@lendfriendmtg.com,scraped
Barton Creek Lending Group,"3201 Menchaca Rd, Austin, TX 78704, USA",(512) 761-8119,https://www.bartoncreeklending.com/,"Austin, TX",mortgage broker,info@bartoncreeklending.com,scraped
Highlander Mortgage: Mortgage Broker In Austin | Best Mortgage Lender,"6500 River Pl Blvd Bldg 7 Suite 250, Austin, TX 78730, USA",(512) 501-3624,https://www.highlandermortgage.com/,"Austin, TX",mortgage broker,ashby@highlandermortgage.com,scraped
Austin Capital Mortgage,"3801 N Capital of Texas Hwy J-180, Austin, TX 78746, USA",(512) 891-0778,https://austincapitalmortgage.com/,"Austin, TX",mortgage broker,loans@austincapitalmortgage.com,scraped
Vista Lending,"1211 Baylor St #200, Austin, TX 78703, USA",(512) 358-6262,http://www.vistaaustin.com/,"Austin, TX",mortgage broker,sonya@vistaaustin.com,scraped
AustinHomeLoans.com,"15577 Ranch Rd 12 Suite 109, Wimberley, TX 78676, USA",(512) 399-1000,http://www.austinhomeloans.com/,"Austin, TX",mortgage broker,team@austinhomeloans.com,scraped
Adelo Mortgage,"1005 West Ave, Austin, TX 78701, USA",(512) 215-4267,http://www.adelomortgage.com/,"Austin, TX",mortgage broker,info@adelomortgage.com,scraped
LoanPeople,"3420 Executive Center Dr STE 300, Austin, TX 78731, USA",(512) 886-4450,https://loanpeople.com/,"Austin, TX",mortgage broker,info@loanpeople.com,scraped
Mortgage Austin,"8911 N Capital of Texas Hwy Ste 4200-346, Austin, TX 78759, USA",(512) 766-7660,https://mortgageaustin.com/,"Austin, TX",mortgage broker,hello@mortgageaustin.com,scraped
Brad Cullipher Austin Mortgage,"3307 Northland Dr #100, Austin, TX 78731, USA",(512) 426-9853,http://www.myhouseloan.org/,"Austin, TX",mortgage broker,closer2377@gmail.com,scraped
Austin Wealth Management,"5209 Burnet Rd Suite 210, Austin, TX 78756, USA",(512) 467-2000,http://austinwealthmgmt.com/,"Austin, TX",financial advisor,info@austinwealthmgmt.com,scraped
NEST Financial,"310 Comal St 2nd floor, Austin, TX 78702, USA",(512) 944-4882,https://www.nestfinancial.net/,"Austin, TX",financial advisor,info@nestfinancial.net,scraped
BirdRock Wealth,"Building II, 9433 Bee Caves Rd Suite 203, Austin, TX 78733, USA",(512) 236-0071,https://www.birdrockwealth.com/,"Austin, TX",financial advisor,hello@birdrockwealth.com,scraped
Archer Investment Management,"4411 Authentic Dr, Austin, TX 78731, USA",(512) 887-8651,https://www.archerim.com/?utm_source=google&utm_medium=organic&utm_campaign=gbp-listing,"Austin, TX",financial advisor,info@archerim.com,scraped
Modern Wealth Strategies,"111 Congress Ave. Suite 509, Austin, TX 78701, USA",(512) 698-5076,http://www.modernwealthatx.com/,"Austin, TX",financial advisor,info@modernwealthatx.com,scraped
"Centennial Advisors, LLC","10815 Ranch to Market Rd 2222 Bldg 3C, Suite 200, Austin, TX 78730, USA",(512) 265-5000,https://iwanttoretirewell.com/,"Austin, TX",financial advisor,info@iwanttoretirewell.com,scraped
"Lucien, Stirling & Gray Advisory Group","7800 N Mopac Expy STE 340, Austin, TX 78759, USA",(512) 458-2517,http://www.lsggroup.com/,"Austin, TX",financial advisor,info@lsggroup.com,scraped
"Capital Budget Strategies, LLC","1506 W 13th St, Austin, TX 78703, USA",(512) 970-4523,http://www.austinmoneycoach.com/,"Austin, TX",financial advisor,chuck@austinmoneycoach.com,scraped
Eskay Marketing,"702 Houston St Suite 116, Fort Worth, TX 76102, USA",(817) 883-6331,https://eskaymarketing.com/,"Fort Worth, TX",marketing agency,info@eskaymarketing.com,scraped
Iconier Digital Marketing Agency,"777 Main St Ste 600, Fort Worth, TX 76102, USA",(702) 238-5098,https://www.iconier.com/?utm_source=google&utm_medium=organic&utm_campaign=fort_worth_gbp,"Fort Worth, TX",marketing agency,info@iconier.com,scraped
Bluebird Creative Agency,"3211 White Settlement Rd, Fort Worth, TX 76107, USA",(817) 913-1272,https://www.bluebirdcreativeco.com/,"Fort Worth, TX",marketing agency,hello@bluebirdcreativeco.com,scraped
Icepick Web Design & SEO,"709 W Magnolia Ave #213, Fort Worth, TX 76104, USA",(817) 213-6681,https://icepick.co/?utm_source=GBP&utm_medium=organic&utm_campaign=office,"Fort Worth, TX",marketing agency,nick@icepick.co,scraped
Glint Advertising,"5761 Park Vista Cir #205, Fort Worth, TX 76244, USA",(817) 616-0320,http://www.glintadv.com/,"Fort Worth, TX",marketing agency,contact@glintadv.com,scraped
Agency Habitat,"2733 Cullen St, Fort Worth, TX 76107, USA",(817) 332-4600,http://www.agencyhabitat.com/,"Fort Worth, TX",marketing agency,hello@agencyhabitat.com,scraped
Moon and Owl Marketing,"808 Backwood Ct, Azle, TX 76020, USA",(817) 889-1487,https://moonandowl.com/,"Fort Worth, TX",digital marketing agency,info@moonandowl.com,scraped
10com Web Development,"640 Taylor St Suite 1200, Fort Worth, TX 76102, USA",(817) 776-4445,https://www.10comwebdevelopment.com/dallas-fort-worth,"Fort Worth, TX",digital marketing agency,info@10comwebdevelopment.com,scraped
Rank Me Quick ( SEO Services Company in Texas USA ),"5063 Overlook Trail, Fort Worth, TX 76108, USA",(615) 784-8981,https://www.rankmequick.com/,"Fort Worth, TX",lead generation agency,info@rankmequick.com,scraped
Murphy Business Sales,"209 W 2nd St Suite 158, Fort Worth, TX 76102, USA",(214) 751-3910,https://murphybusiness.com/fortworth/,"Fort Worth, TX",sales consulting firm,info@murphybusiness.com,scraped
Forrest Performance Group (FPG),"6040 Camp Bowie Blvd Suite 24, Fort Worth, TX 76116, USA",(800) 821-3956,https://fpg.com/,"Fort Worth, TX",sales consulting firm,sales@fpg.com,scraped
Don Williams Global,"1050 W Pipeline Rd #103, Hurst, TX 76053, USA",(800) 823-0403,https://www.donwilliamsglobal.com/,"Fort Worth, TX",sales consulting firm,info@donwilliamsglobal.com,scraped
Retirement Planners of America,"1300 Summit Ave #600, Fort Worth, TX 76102, USA",(817) 717-8200,https://www.rpoa.com/fort-worth-tx/?utm_source=google+page&utm_content=fort-worth-tx,"Fort Worth, TX",sales consulting firm,info@rpoa.com,scraped
Blueprint Consulting Group,"3836 Mattison Ave, Fort Worth, TX 76107, USA",(817) 404-7015,https://www.blueprintconsultinggroup.com/contact,"Fort Worth, TX",sales consulting firm,caitlin@blueprintconsultinggroup.com,scraped
Buxton,"2651 S Polaris Dr, Fort Worth, TX 76137, USA",(817) 332-3681,https://www.buxtonco.com/,"Fort Worth, TX",sales consulting firm,buxton@buxtonco.com,scraped
Garrison Prime Inc,"4500 Mercantile Plaza Dr Suite 300, Fort Worth, TX 76137, USA",(817) 592-0845,https://www.garrisonprimeinc.com/,"Fort Worth, TX",sales consulting firm,hello@garrisonprimeinc.com,scraped
FranFund,"6100 Western Pl #1000, Fort Worth, TX 76107, USA",(817) 730-4500,https://www.franfund.com/,"Fort Worth, TX",sales consulting firm,info@franfund.com,scraped
"LEAGUE Real Estate, LLC","5220 Locke Ave, Fort Worth, TX 76107, USA",(817) 523-9113,https://leaguere.com/,"Fort Worth, TX",real estate agency,hello@leaguere.com,scraped
Burt Ladner Real Estate · Selling the Fort,"1600 Montgomery St ste 200, Fort Worth, TX 76107, USA",(817) 882-6688,https://www.burtladner.com/,"Fort Worth, TX",real estate agency,info@burtladner.com,scraped
"Ruth & Rick Story / Story Group Real Estate, Residential, Land & Ranch Sales","2501 Parkview Dr Suite 177, Fort Worth, TX 76102, USA",(817) 992-9232,http://www.dfwstorygroup.com/,"Fort Worth, TX",real estate agency,kati@dfwstorygroup.com,scraped
The Ashton Agency,"105 Nursery Ln Suite 120, Fort Worth, TX 76114, USA",(817) 266-1009,https://www.theashtonagency.com/,"Fort Worth, TX",real estate agency,office@theashtonagency.com,scraped
"Graham Insurance Group, Inc.","6100 Southwest Blvd Ste. 230, Fort Worth, TX 76109, USA",(817) 293-0388,https://www.graham-insurance.com/,"Fort Worth, TX",insurance agency,info@graham-insurance.com,scraped
A-LA Auto Insurance,"2422 Azle Ave, Fort Worth, TX 76106, USA",(817) 918-1334,https://alaautoinsurance.com/locations/azle,"Fort Worth, TX",insurance agency,azle@alaautoinsurance.com,scraped
Worth Insurance Agency,"4916 Camp Bowie Blvd, Fort Worth, TX 76107, USA",(817) 539-6370,https://www.worth-insurance.com/,"Fort Worth, TX",insurance agency,info@worth-insurance.com,scraped
Atlas Auto Insurance,"6420 Meadowbrook Dr #100, Fort Worth, TX 76112, USA",(817) 886-9142,http://www.atlasatvin.com/,"Fort Worth, TX",insurance agency,info@atlasatvin.com,scraped
Precise Insurance Group,"3750 McCart Ave #101, Fort Worth, TX 76110, USA",(817) 350-6265,https://www.preciseins.com/,"Fort Worth, TX",insurance agency,quotes@preciseins.com,scraped
Circle L Solar,"5450 Stratum Dr Suite 110, Fort Worth, TX 76137, USA",(817) 945-2011,https://www.circlelsolar.com/,"Fort Worth, TX",solar company,info@circlelsolar.com,scraped
Sunton Solutions LLC | Solar Panel Cleaning,"1444 Mountain Air Trail, Fort Worth, TX 76131, USA",(817) 353-5479,https://suntonsolutions.com/,"Fort Worth, TX",solar company,chance@suntonsolutions.com,scraped
Tarrant Solar,"2420 Austin Rd, Richland Hills, TX 76118, USA",(817) 360-1115,https://tarrantsolar.com/,"Fort Worth, TX",solar company,sales@tarrantsolar.com,scraped
THS Home Solar,"405 State Hwy 121 Suite A250 - #3333, Lewisville, TX 75067, USA",(888) 617-5289,https://thshomesolar.com/,"Fort Worth, TX",solar company,contact@thshomesolar.com,scraped
Suntria | Texas Solar Panel Installers,"3201 NE Loop 820, Fort Worth, TX 76137, USA",(469) 277-9918,https://www.suntria.com/,"Fort Worth, TX",solar company,contact@suntria.com,scraped
EWS Solar & Construction,"6890 Kirk Ln, Burleson, TX 76028, USA",(817) 657-0465,https://www.energizewithsunrise.com/,"Fort Worth, TX",solar company,office@energizewithsunrise.com,scraped
AB Solar and Roofing,"5601 Bridge St, Fort Worth, TX 76112, USA",(469) 608-0311,https://absolarandroofing.com/?utm_source=AdPages_GMB_Home&utm_medium=AdPages_GMB_Home&utm_campaign=AdPages_GMB_Home,"Fort Worth, TX",solar company,sales@absolarandroofing.com,scraped
StarVolt Solar,"6750 Locke Ave Ste 201, Fort Worth, TX 76116, USA",(844) 782-7865,https://starvoltsolar.com/,"Fort Worth, TX",solar company,office@starvoltsolar.com,scraped
Lon Smith Roofing & Construction,"904 E Waggoman St, Fort Worth, TX 76110, USA",(817) 926-8400,https://www.lonsmith.com/,"Fort Worth, TX",roofing company,info@lonsmith.com,scraped
Fort Tex Metals & Roofing,"4200 S Hulen St #654, Fort Worth, TX 76109, USA",(682) 313-4066,https://ftmandroofing.com/?utm_source=google&utm_medium=organic&utm_campaign=gbp,"Fort Worth, TX",roofing company,info@ftmandroofing.com,scraped
Total Roofing Systems LLC,"6013 Reef Point Ln, Fort Worth, TX 76135, USA",,https://www.totalroofingsystems.com/,"Fort Worth, TX",roofing company,info@totalroofingsystems.com,scraped
Meis Roofing,"4617 Diaz Ave, Fort Worth, TX 76107, USA",(817) 735-9031,https://meisroofing.com/roofing-locations/fort-worth-tx-roofer/?utm_source=gbp-fortworth&utm_medium=organic&utm_campaign=gbp-listing-main,"Fort Worth, TX",roofing company,info@meisroofing.com,scraped
Branded Roofing And Construction,"2100 N Main St #107, Fort Worth, TX 76164, USA",(800) 675-1302,https://www.brandedrac.com/,"Fort Worth, TX",roofing company,info@brandedrac.com,scraped
Priority Roofing,"9433 N Beach St #121, Fort Worth, TX 76244, USA",(817) 823-1075,https://priorityroofs.com/location/fortworth/,"Fort Worth, TX",roofing company,office@priorityroofs.com,scraped
Ramon Roofing,"3027 Ramona Dr #110, Fort Worth, TX 76116, USA",(817) 402-2493,http://www.ramonroofing.com/?utm_campaign=gmb,"Fort Worth, TX",roofing company,estimates@ramonroofing.com,scraped
Top Rated Roofing,"9812 Rio Frio Trail, Fort Worth, TX 76126, USA",(817) 808-7304,http://www.topratedroofing.com/,"Fort Worth, TX",roofing company,robert@topratedroofing.com,scraped
City Roofing Company,"4020 W Vickery Blvd, Fort Worth, TX 76107, USA",(817) 738-1756,https://www.cityroofing.net/,"Fort Worth, TX",roofing company,info@cityroofing.net,scraped
Patrick's Roofing,"5524 Monthaven Dr, Fort Worth, TX 76137, USA",(817) 528-2991,http://www.patricksroofing.com/,"Fort Worth, TX",roofing company,patrickm434369@gmail.com,scraped
Miller Storm Roofing & Reconstruction,"1953 Golden Heights Rd #1401, Fort Worth, TX 76177, USA",(817) 646-9815,https://www.millerstorm.com/?utm_campaign=gmb,"Fort Worth, TX",roofing company,office@millerstorm.com,scraped
Vortex Roofing & Construction LLC,"5840 Jacksboro Hwy, Fort Worth, TX 76114, USA",(817) 771-8726,http://vortexroofingllc.com/,"Fort Worth, TX",roofing company,vortexroofingfw@gmail.com,scraped
Jose Luis Gongora Mortgage Broker,"4500 Mercantile Plaza Dr Suite 300, Fort Worth, TX 76137, USA",(682) 478-7505,https://equitysmartloans.com/directory/jose-luis-gongora/,"Fort Worth, TX",mortgage broker,info@equitysmartloans.com,scraped
Clarity Financial Group,"1622 Park Pl Ave, Fort Worth, TX 76110, USA",(817) 338-4150,https://www.clarityfinancialgroup.com/,"Fort Worth, TX",financial advisor,info@clarityfinancialgroup.com,scraped
Aspen Wealth Management,"4200 S Hulen St #422, Fort Worth, TX 76109, USA",(817) 546-6353,http://www.aspenwealthmgmt.com/,"Fort Worth, TX",financial advisor,info@aspenwealthmgmt.com,scraped
Decidedly Wealth Management,"6100 Camp Bowie Blvd Suite 24, Fort Worth, TX 76116, USA",(817) 615-9711,http://www.decidedlywealth.com/,"Fort Worth, TX",financial advisor,contact@decidedlywealth.com,scraped
Thirteen Twenty-Two Advisors,"1200 Summit Ave #502, Fort Worth, TX 76102, USA",(817) 484-9800,http://www.1322advisors.com/,"Fort Worth, TX",financial advisor,info@1322advisors.com,scraped
New Century Investments,"5740 Boat Club Rd Suite 100, Fort Worth, TX 76179, USA",(817) 238-6300,https://www.newcenturyinvestments.com/,"Fort Worth, TX",financial advisor,matt.ward@newcenturyinvestments.com,scraped
GDS Wealth Management,"2910 Lakeside Village Blvd, Flower Mound, TX 75022, USA",(469) 212-8072,https://www.gdswealth.com/?utm_source=google&utm_medium=organic&utm_campaign=gbp,"Fort Worth, TX",financial advisor,gds@gdswealth.com,scraped
Redwood Financial,"201 Pecan St #100, Fort Worth, TX 76102, USA",(817) 332-7995,http://redwoodfp.com/,"Fort Worth, TX",financial advisor,info@redwoodfp.com,scraped
Estes Financial Services,"2501 Parkview Dr #228, Fort Worth, TX 76102, USA",(817) 444-8402,http://estesfinancial.net/,"Fort Worth, TX",financial advisor,info@estesfinancial.net,scraped
The Marketing Hunters - El Paso,"1100 Montana Ave Suite 213, El Paso, TX 79928, USA",(714) 345-9541,http://www.themarketinghunters.com/,"El Paso, TX",marketing agency,john@themarketinghunters.com,scraped
VenPro Solutions,"9400 Viscount Blvd, El Paso, TX 79925, USA",(915) 314-3833,https://venpro.solutions/,"El Paso, TX",marketing agency,hello@venpro.solutions,scraped
Monster Link Marketing,"1351 N Zaragoza Rd Bldg D1, El Paso, TX 79936, USA",(915) 229-6606,https://monsterlinkmarketing.com/,"El Paso, TX",marketing agency,info@monsterlinkmarketing.com,scraped
Atomic Marketing,"4625 Ripley Dr B1, El Paso, TX 79922, USA",(915) 241-1411,http://www.atomicmkt.com/,"El Paso, TX",marketing agency,contact@atomicmkt.com,scraped
Hello Amigo,"910 E Redd Rd Suite K #434, El Paso, TX 79912, USA",(915) 996-9947,https://helloamigo.com/?utm_source=googlebusiness,"El Paso, TX",marketing agency,hello@helloamigo.com,scraped
Leo Marketing,"1127 E Rio Grande Ave, El Paso, TX 79902, USA",(915) 307-7111,https://leomarketing.com/,"El Paso, TX",marketing agency,contact@leomarketing.com,scraped
Aidan James Agency,"500 N Oregon St Second Floor, El Paso, TX 79901, USA",(915) 929-4023,https://www.aidanjames.agency/,"El Paso, TX",marketing agency,info@aidanjames.agency,scraped
Octopus Advertising Group,"212 E Mills Ave Suite C, El Paso, TX 79901, USA",(915) 790-8340,https://octopus-ag.com/,"El Paso, TX",marketing agency,info@octopus-ag.com,scraped
EFO Media,"6006 N Mesa St Ste #903, El Paso, TX 79912, USA",(915) 307-3786,http://www.efo-media.com/,"El Paso, TX",marketing agency,info@efo-media.com,scraped
Element Seven Media & Branding Company,"2331 Bassett Ave, El Paso, TX 79901, USA",(915) 277-7736,http://www.elementsevenstudio.com/,"El Paso, TX",lead generation agency,info@elementsevenstudio.com,scraped
El Paso Impact Consulting - EPIC,"1312 E Rio Grande Ave, El Paso, TX 79902, USA",(915) 213-6886,https://elpasoimpactconsulting.com/,"El Paso, TX",sales consulting firm,epic@elpasoimpactconsulting.com,scraped
GRAYCE Property Consultants,"320 Texas Ave, El Paso, TX 79901, USA",(915) 229-4288,https://www.grayce.us/,"El Paso, TX",sales consulting firm,info@grayce.us,scraped
"Construction & Environmental Consultants, Inc.","1111 Myrtle Ave, El Paso, TX 79901, USA",(915) 533-1147,https://cecienvironmental.com/,"El Paso, TX",sales consulting firm,info@cecienvironmental.com,scraped
"Talavera Consulting, LLC","201 Anthony St, El Paso, TX 79901, USA",(915) 834-9026,https://talaveraconsulting.co/,"El Paso, TX",sales consulting firm,luis@talaveraconsulting.co,scraped
Franchise Consultant Services,"304 Texas Ave 283 283, El Paso, TX 79901, USA",,https://franchisewholesale.com/partner-offices/franchise-opportunities-and-consultant-el-paso-tx/,"El Paso, TX",sales consulting firm,contact@franchisewholesale.com,scraped
Level Up Coaching & Human Development,"100 Porfirio Diaz St Ste 2, El Paso, TX 79902, USA",(915) 262-1370,https://www.lupcoaching.com/index_eng.php,"El Paso, TX",sales consulting firm,info@lupcoaching.com,scraped
SRB PRO,"11501 Cedar Oak Dr, El Paso, TX 79936, USA",(915) 503-5684,http://srbpro.com/,"El Paso, TX",sales consulting firm,gilbert@srbpro.com,scraped
